StockCode,TotalRevenue,TotalQuantity,PurchaseFrequency,UniqueCustomers,ReturnRate,SalesRevenue,ReturnLoss,NetRevenue,Cluster,Category,Insight
10002,699.55,823,49,40,0,699.55,0,699.55,0,Low Demand,✅ Profitable Product
10080,114.41,291,21,19,0,114.41,0,114.41,0,Low Demand,📉 Low Performance
10120,40.53,193,29,25,0,40.53,0,40.53,0,Low Demand,📉 Low Performance
10123C,3.25,5,3,3,0,3.25,0,3.25,0,Low Demand,📉 Low Performance
10124A,6.72,16,5,5,0,6.72,0,6.72,0,Low Demand,📉 Low Performance
10124G,7.14,17,4,4,0,7.14,0,7.14,0,Low Demand,📉 Low Performance
10125,930.3,1226,61,49,0,930.3,0,930.3,0,Low Demand,✅ Profitable Product
10133,1139.41,2374,123,101,1,1143.61,-4.2,1139.41,0,Low Demand,✅ Profitable Product
10135,1785.44,1937,118,92,1,1786.69,-1.25,1785.44,0,Low Demand,✅ Profitable Product
11001,1715.95,1067,67,45,5,1953,-237.05,1715.95,0,Low Demand,✅ Profitable Product
15030,41.47,143,12,11,0,41.47,0,41.47,0,Low Demand,📉 Low Performance
15034,588.77,5034,95,70,4,697.06,-108.29,588.77,0,Low Demand,✅ Profitable Product
15036,15538.76,21132,328,194,4,16044.44,-505.68,15538.76,1,Stable,✅ Profitable Product
15039,1111.05,1533,73,58,3,1133.15,-22.1,1111.05,0,Low Demand,✅ Profitable Product
15044A,1245.33,427,79,53,1,1248.28,-2.95,1245.33,0,Low Demand,✅ Profitable Product
15044B,862.7,306,49,37,1,865.65,-2.95,862.7,0,Low Demand,✅ Profitable Product
15044C,774.35,269,62,43,2,782.4,-8.05,774.35,0,Low Demand,✅ Profitable Product
15044D,1730.24,628,75,54,2,1735.74,-5.5,1730.24,0,Low Demand,✅ Profitable Product
15056BL,14566.17,2649,296,142,5,15218.67,-652.5,14566.17,2,Hidden Loss,✅ Profitable Product
15056N,20430.66,3781,384,184,6,20696.71,-266.05,20430.66,2,Hidden Loss,✅ Profitable Product
15056P,4195.96,759,139,89,4,4254.16,-58.2,4195.96,0,Low Demand,✅ Profitable Product
15058A,1067.25,143,55,41,4,1104.6,-37.35,1067.25,0,Low Demand,✅ Profitable Product
15058B,828.9,110,43,32,2,866.25,-37.35,828.9,0,Low Demand,✅ Profitable Product
15058C,894.35,193,30,26,0,894.35,0,894.35,0,Low Demand,✅ Profitable Product
15060B,1479.12,410,96,68,1,1482.87,-3.75,1479.12,0,Low Demand,✅ Profitable Product
16008,360.71,2892,70,54,0,360.71,0,360.71,0,Low Demand,✅ Profitable Product
16010,3.6,30,3,3,0,3.6,0,3.6,0,Low Demand,📉 Low Performance
16011,372.33,1773,46,38,0,372.33,0,372.33,0,Low Demand,✅ Profitable Product
16012,261.24,1244,35,33,0,261.24,0,261.24,0,Low Demand,✅ Profitable Product
16014,4335.76,13328,54,34,0,4335.76,0,4335.76,2,Hidden Loss,✅ Profitable Product
16015,289.98,662,24,19,0,289.98,0,289.98,0,Low Demand,✅ Profitable Product
16016,1053.45,1273,65,41,0,1053.45,0,1053.45,0,Low Demand,✅ Profitable Product
16020C,5.1,6,2,1,0,5.1,0,5.1,0,Low Demand,📉 Low Performance
16033,100.8,840,4,4,0,100.8,0,100.8,0,Low Demand,📉 Low Performance
16043,11.76,98,2,2,0,11.76,0,11.76,0,Low Demand,📉 Low Performance
16045,380,8900,68,61,0,380,0,380,0,Low Demand,✅ Profitable Product
16046,56.95,67,13,13,0,56.95,0,56.95,0,Low Demand,📉 Low Performance
16048,186.84,1437,47,41,0,186.84,0,186.84,0,Low Demand,📉 Low Performance
16049,82.08,504,5,5,0,82.08,0,82.08,0,Low Demand,📉 Low Performance
16052,105.29,467,6,5,0,105.29,0,105.29,0,Low Demand,📉 Low Performance
16054,127.56,1058,34,29,1,140.52,-12.96,127.56,0,Low Demand,📉 Low Performance
16151A,61.25,49,3,3,0,61.25,0,61.25,0,Low Demand,📉 Low Performance
16156L,199.5,475,18,17,0,199.5,0,199.5,0,Low Demand,📉 Low Performance
16156S,2331,5800,167,135,0,2331,0,2331,2,Hidden Loss,✅ Profitable Product
16161G,70,700,22,22,0,70,0,70,0,Low Demand,📉 Low Performance
16161M,10.5,25,1,1,0,10.5,0,10.5,0,Low Demand,📉 Low Performance
16161P,2980.42,7201,249,189,1,2990.92,-10.5,2980.42,2,Hidden Loss,✅ Profitable Product
16161U,1677,4050,135,105,1,1687.5,-10.5,1677,0,Low Demand,✅ Profitable Product
16162L,11.05,17,6,5,0,11.05,0,11.05,0,Low Demand,📉 Low Performance
16162M,10.92,26,7,6,0,10.92,0,10.92,0,Low Demand,📉 Low Performance
16168M,138.18,329,20,19,0,138.18,0,138.18,0,Low Demand,📉 Low Performance
16169E,1839.96,4438,151,143,2,1892.46,-52.5,1839.96,2,Hidden Loss,✅ Profitable Product
16169K,84,200,8,8,0,84,0,84,0,Low Demand,📉 Low Performance
16169M,277.2,660,25,24,0,277.2,0,277.2,0,Low Demand,✅ Profitable Product
16169N,10.5,25,1,1,0,10.5,0,10.5,0,Low Demand,📉 Low Performance
16169P,21,50,2,2,0,21,0,21,0,Low Demand,📉 Low Performance
16202A,3.5,7,2,2,0,3.5,0,3.5,0,Low Demand,📉 Low Performance
16202B,14.5,29,2,2,0,14.5,0,14.5,0,Low Demand,📉 Low Performance
16202E,1.95,14,4,4,1,7.5,-5.55,1.95,0,Low Demand,📉 Low Performance
16206B,8.75,7,2,2,0,8.75,0,8.75,0,Low Demand,📉 Low Performance
16207A,38.35,13,5,4,0,38.35,0,38.35,0,Low Demand,📉 Low Performance
16207B,11.31,4,3,3,0,11.31,0,11.31,0,Low Demand,📉 Low Performance
16216,227.14,3316,41,38,0,227.14,0,227.14,0,Low Demand,✅ Profitable Product
16218,253.2,3760,50,43,0,253.2,0,253.2,0,Low Demand,✅ Profitable Product
16219,307.02,2867,48,41,1,309.9,-2.88,307.02,0,Low Demand,✅ Profitable Product
16225,599.34,762,75,57,0,599.34,0,599.34,0,Low Demand,✅ Profitable Product
16235,525.54,2664,81,68,1,525.75,-0.21,525.54,0,Low Demand,✅ Profitable Product
16236,266.56,1296,73,59,0,266.56,0,266.56,0,Low Demand,✅ Profitable Product
16237,873.48,4538,163,109,1,886.08,-12.6,873.48,2,Hidden Loss,✅ Profitable Product
16238,265.51,1261,78,61,0,265.51,0,265.51,0,Low Demand,✅ Profitable Product
16244B,7.85,7,2,2,0,7.85,0,7.85,0,Low Demand,📉 Low Performance
16248B,16.25,13,7,7,0,16.25,0,16.25,0,Low Demand,📉 Low Performance
16254,27.91,31,9,7,0,27.91,0,27.91,0,Low Demand,📉 Low Performance
16258A,156.11,444,39,29,1,156.53,-0.42,156.11,0,Low Demand,📉 Low Performance
16259,317.92,3272,32,28,1,326.56,-8.64,317.92,0,Low Demand,✅ Profitable Product
17001,20.88,72,1,1,0,20.88,0,20.88,0,Low Demand,📉 Low Performance
17003,5807.25,22960,209,136,3,5980.05,-172.8,5807.25,2,Hidden Loss,✅ Profitable Product
17007B,50.4,24,2,2,0,50.4,0,50.4,0,Low Demand,📉 Low Performance
17011F,62.15,80,6,6,0,62.15,0,62.15,0,Low Demand,📉 Low Performance
17012A,244.9,270,24,21,0,244.9,0,244.9,0,Low Demand,✅ Profitable Product
17012B,422.55,455,36,33,0,422.55,0,422.55,0,Low Demand,✅ Profitable Product
17012C,344.35,363,43,37,0,344.35,0,344.35,0,Low Demand,✅ Profitable Product
17012D,366.35,387,44,35,0,366.35,0,366.35,0,Low Demand,✅ Profitable Product
17012E,52.05,59,3,3,0,52.05,0,52.05,0,Low Demand,📉 Low Performance
17012F,329.05,365,42,33,0,329.05,0,329.05,0,Low Demand,✅ Profitable Product
17013D,257.88,532,11,10,0,257.88,0,257.88,0,Low Demand,✅ Profitable Product
17014A,67.83,154,7,7,0,67.83,0,67.83,0,Low Demand,📉 Low Performance
17021,643.14,2427,47,30,0,643.14,0,643.14,0,Low Demand,✅ Profitable Product
17028J,2.52,6,1,1,0,2.52,0,2.52,0,Low Demand,📉 Low Performance
17038,138.1,1501,19,18,0,138.1,0,138.1,0,Low Demand,📉 Low Performance
17084A,42,200,7,7,0,42,0,42,0,Low Demand,📉 Low Performance
17084J,47.25,225,8,8,0,47.25,0,47.25,0,Low Demand,📉 Low Performance
17084N,212.75,1025,32,25,0,212.75,0,212.75,0,Low Demand,✅ Profitable Product
17084P,73.29,349,13,12,0,73.29,0,73.29,0,Low Demand,📉 Low Performance
17084R,760.32,4032,27,16,0,760.32,0,760.32,0,Low Demand,✅ Profitable Product
17090A,107.45,109,10,9,0,107.45,0,107.45,0,Low Demand,📉 Low Performance
17090D,36.25,29,12,6,0,36.25,0,36.25,0,Low Demand,📉 Low Performance
17091A,99.29,172,25,19,0,99.29,0,99.29,0,Low Demand,📉 Low Performance
17091J,876.34,2066,87,66,0,876.34,0,876.34,0,Low Demand,✅ Profitable Product
17096,443.76,2516,13,12,0,443.76,0,443.76,0,Low Demand,✅ Profitable Product
17107D,436.05,171,46,42,0,436.05,0,436.05,0,Low Demand,✅ Profitable Product
17109D,32.35,61,5,4,0,32.35,0,32.35,0,Low Demand,📉 Low Performance
17129F,289.55,425,20,11,1,291.25,-1.7,289.55,0,Low Demand,✅ Profitable Product
17136A,33.75,404,17,16,0,33.75,0,33.75,0,Low Demand,📉 Low Performance
17164B,12.18,29,9,9,0,12.18,0,12.18,0,Low Demand,📉 Low Performance
17165D,28.35,27,7,6,0,28.35,0,28.35,0,Low Demand,📉 Low Performance
17174,3.78,9,3,3,0,3.78,0,3.78,0,Low Demand,📉 Low Performance
17191A,15,4,2,1,0,15,0,15,0,Low Demand,📉 Low Performance
18007,383.76,5856,17,15,0,383.76,0,383.76,0,Low Demand,✅ Profitable Product
18094C,153.1,134,15,13,0,153.1,0,153.1,0,Low Demand,📉 Low Performance
18097A,12.75,5,4,4,0,12.75,0,12.75,0,Low Demand,📉 Low Performance
18097C,899.55,381,54,43,2,1471.35,-571.8,899.55,0,Low Demand,✅ Profitable Product
18098C,540.55,193,36,24,0,540.55,0,540.55,0,Low Demand,✅ Profitable Product
20615,233.34,231,35,28,0,233.34,0,233.34,0,Low Demand,✅ Profitable Product
20616,122.78,134,25,19,0,122.78,0,122.78,0,Low Demand,📉 Low Performance
20617,137.74,66,26,20,0,137.74,0,137.74,0,Low Demand,📉 Low Performance
20618,137.88,68,28,20,0,137.88,0,137.88,0,Low Demand,📉 Low Performance
20619,206.23,142,22,16,0,206.23,0,206.23,0,Low Demand,✅ Profitable Product
20622,240.18,163,32,24,0,240.18,0,240.18,0,Low Demand,✅ Profitable Product
20652,194.76,150,33,26,0,194.76,0,194.76,0,Low Demand,📉 Low Performance
20653,43.67,33,6,5,0,43.67,0,43.67,0,Low Demand,📉 Low Performance
20654,126.69,105,23,21,0,126.69,0,126.69,0,Low Demand,📉 Low Performance
20655,109.11,89,34,20,0,109.11,0,109.11,0,Low Demand,📉 Low Performance
20657,76.39,61,22,20,0,76.39,0,76.39,0,Low Demand,📉 Low Performance
20658,410,328,59,44,0,410,0,410,0,Low Demand,✅ Profitable Product
20659,140.81,95,29,18,0,140.81,0,140.81,0,Low Demand,📉 Low Performance
20661,35.07,9,5,3,0,35.07,0,35.07,0,Low Demand,📉 Low Performance
20662,40.97,11,5,4,0,40.97,0,40.97,0,Low Demand,📉 Low Performance
20663,11.69,3,3,3,0,11.69,0,11.69,0,Low Demand,📉 Low Performance
20664,17.7,6,3,3,0,17.7,0,17.7,0,Low Demand,📉 Low Performance
20665,998.2,340,73,58,0,998.2,0,998.2,0,Low Demand,✅ Profitable Product
20666,11.8,4,4,4,0,11.8,0,11.8,0,Low Demand,📉 Low Performance
20667,2.95,1,1,1,0,2.95,0,2.95,0,Low Demand,📉 Low Performance
20668,1408.56,12714,181,111,0,1408.56,0,1408.56,2,Hidden Loss,✅ Profitable Product
20669,243.75,195,42,36,0,243.75,0,243.75,0,Low Demand,✅ Profitable Product
20670,29.28,8,6,5,0,29.28,0,29.28,0,Low Demand,📉 Low Performance
20671,12.5,10,2,2,0,12.5,0,12.5,0,Low Demand,📉 Low Performance
20674,1641.56,1367,150,101,1,1649.06,-7.5,1641.56,0,Low Demand,✅ Profitable Product
20675,3164.9,2717,225,150,2,3179.9,-15,3164.9,2,Hidden Loss,✅ Profitable Product
20676,5019.48,4341,301,186,3,5046.98,-27.5,5019.48,2,Hidden Loss,✅ Profitable Product
20677,3636.33,3154,221,133,1,3642.58,-6.25,3636.33,2,Hidden Loss,✅ Profitable Product
20678,6.6,4,1,1,0,6.6,0,6.6,0,Low Demand,📉 Low Performance
20679,9002.32,1621,273,142,3,9055.87,-53.55,9002.32,2,Hidden Loss,✅ Profitable Product
20681,399.75,123,35,30,2,406.25,-6.5,399.75,0,Low Demand,✅ Profitable Product
20682,3564.66,1120,188,140,6,3629.66,-65,3564.66,2,Hidden Loss,✅ Profitable Product
20684,253.5,78,32,30,0,253.5,0,253.5,0,Low Demand,✅ Profitable Product
20685,24936.63,3835,583,329,7,25397.85,-461.22,24936.63,1,Stable,✅ Profitable Product
20686,832.13,255,64,51,0,832.13,0,832.13,0,Low Demand,✅ Profitable Product
20694,135,36,10,9,0,135,0,135,0,Low Demand,📉 Low Performance
20695,21.25,5,4,4,0,21.25,0,21.25,0,Low Demand,📉 Low Performance
20696,120,32,10,10,0,120,0,120,0,Low Demand,📉 Low Performance
20697,48.45,19,9,8,0,48.45,0,48.45,0,Low Demand,📉 Low Performance
20698,40.8,16,7,7,0,40.8,0,40.8,0,Low Demand,📉 Low Performance
20699,73.95,29,11,11,0,73.95,0,73.95,0,Low Demand,📉 Low Performance
20700,37.5,10,4,4,0,37.5,0,37.5,0,Low Demand,📉 Low Performance
20701,22.5,6,3,3,0,22.5,0,22.5,0,Low Demand,📉 Low Performance
20702,544,128,40,31,0,544,0,544,0,Low Demand,✅ Profitable Product
20703,-25.5,-6,4,3,3,4.25,-29.75,-25.5,0,Low Demand,🚨 Loss Making Product
20704,598.65,207,40,38,1,626.45,-27.8,598.65,0,Low Demand,✅ Profitable Product
20705,426.9,142,29,27,1,428.85,-1.95,426.9,0,Low Demand,✅ Profitable Product
20707,194.27,154,32,20,1,195.52,-1.25,194.27,0,Low Demand,📉 Low Performance
20711,7648.97,4176,252,152,7,7689.28,-40.31,7648.97,2,Hidden Loss,✅ Profitable Product
20712,15085.14,7947,501,248,9,15511.6,-426.46,15085.14,1,Stable,✅ Profitable Product
20713,18645.49,10223,417,207,6,19076.92,-431.43,18645.49,1,Stable,✅ Profitable Product
20716,373.5,314,34,31,0,373.5,0,373.5,0,Low Demand,✅ Profitable Product
20717,2443.38,2026,232,150,1,2455.88,-12.5,2443.38,2,Hidden Loss,✅ Profitable Product
20718,5086.07,4240,388,237,4,5115.31,-29.24,5086.07,2,Hidden Loss,✅ Profitable Product
20719,7189.84,9125,539,238,8,7277.24,-87.4,7189.84,2,Hidden Loss,✅ Profitable Product
20723,5458.24,6772,504,232,12,5520.95,-62.71,5458.24,2,Hidden Loss,✅ Profitable Product
20724,9955.54,12586,755,335,16,10125.85,-170.31,9955.54,1,Stable,✅ Profitable Product
20725,27520.05,17345,1330,532,42,28338.45,-818.4,27520.05,1,Stable,✅ Profitable Product
20726,14402.21,9033,839,373,19,14537.11,-134.9,14402.21,1,Stable,✅ Profitable Product
20727,17838.85,11173,1073,458,21,18024.55,-185.7,17838.85,1,Stable,✅ Profitable Product
20728,16938.18,10606,989,481,23,17265.68,-327.5,16938.18,1,Stable,✅ Profitable Product
20731,92.5,74,8,8,0,92.5,0,92.5,0,Low Demand,📉 Low Performance
20733,472.9,618,47,30,1,688.9,-216,472.9,0,Low Demand,✅ Profitable Product
20735,121.3,158,30,11,0,121.3,0,121.3,0,Low Demand,📉 Low Performance
20748,675.75,53,30,26,0,675.75,0,675.75,0,Low Demand,✅ Profitable Product
20749,12059.81,1711,371,239,6,12123.41,-63.6,12059.81,2,Hidden Loss,✅ Profitable Product
20750,12169.1,1706,369,235,4,12216.8,-47.7,12169.1,2,Hidden Loss,✅ Profitable Product
20751,1982.16,972,172,127,1,1984.26,-2.1,1982.16,0,Low Demand,✅ Profitable Product
20752,766.5,365,117,92,2,770.7,-4.2,766.5,0,Low Demand,✅ Profitable Product
20754,2668.38,1355,240,153,1,2670.48,-2.1,2668.38,2,Hidden Loss,✅ Profitable Product
20755,248.2,292,50,44,0,248.2,0,248.2,0,Low Demand,✅ Profitable Product
20756,53.55,63,22,20,0,53.55,0,53.55,0,Low Demand,📉 Low Performance
20757,140.18,164,30,30,0,140.18,0,140.18,0,Low Demand,📉 Low Performance
20758,136.85,161,41,35,0,136.85,0,136.85,0,Low Demand,📉 Low Performance
20759,54.4,64,20,17,0,54.4,0,54.4,0,Low Demand,📉 Low Performance
20760,58.65,69,21,18,0,58.65,0,58.65,0,Low Demand,📉 Low Performance
20761,419.92,110,52,46,0,419.92,0,419.92,0,Low Demand,✅ Profitable Product
20762,382.46,101,51,42,0,382.46,0,382.46,0,Low Demand,✅ Profitable Product
20763,189.96,71,25,24,0,189.96,0,189.96,0,Low Demand,📉 Low Performance
20764,491.13,128,60,45,0,491.13,0,491.13,0,Low Demand,✅ Profitable Product
20765,374.84,96,51,45,0,374.84,0,374.84,0,Low Demand,✅ Profitable Product
20766,422.08,113,47,41,0,422.08,0,422.08,0,Low Demand,✅ Profitable Product
20767,541.97,217,58,50,0,541.97,0,541.97,0,Low Demand,✅ Profitable Product
20768,320.26,131,36,31,0,320.26,0,320.26,0,Low Demand,✅ Profitable Product
20769,173.12,66,26,21,0,173.12,0,173.12,0,Low Demand,📉 Low Performance
20770,259.2,108,28,24,0,259.2,0,259.2,0,Low Demand,✅ Profitable Product
20771,183.46,71,27,21,0,183.46,0,183.46,0,Low Demand,📉 Low Performance
20772,531.91,217,47,40,1,534.46,-2.55,531.91,0,Low Demand,✅ Profitable Product
20773,92.4,56,23,21,0,92.4,0,92.4,0,Low Demand,📉 Low Performance
20774,85.8,52,22,21,0,85.8,0,85.8,0,Low Demand,📉 Low Performance
20775,105.6,64,20,19,0,105.6,0,105.6,0,Low Demand,📉 Low Performance
20777,156.75,95,36,32,0,156.75,0,156.75,0,Low Demand,📉 Low Performance
20778,24.75,15,8,8,0,24.75,0,24.75,0,Low Demand,📉 Low Performance
20780,198.35,37,17,13,0,198.35,0,198.35,0,Low Demand,📉 Low Performance
20781,156.03,31,21,19,1,161.52,-5.49,156.03,0,Low Demand,📉 Low Performance
20782,221.36,40,17,12,0,221.36,0,221.36,0,Low Demand,✅ Profitable Product
20785,523.3,14,5,4,0,523.3,0,523.3,0,Low Demand,✅ Profitable Product
20793,20.25,3,5,4,1,54,-33.75,20.25,0,Low Demand,📉 Low Performance
20794,190.2,76,17,15,2,213.15,-22.95,190.2,0,Low Demand,📉 Low Performance
20795,79.8,38,10,6,2,92.4,-12.6,79.8,0,Low Demand,📉 Low Performance
20796,100.65,61,8,8,0,100.65,0,100.65,0,Low Demand,📉 Low Performance
20798,69,32,6,6,1,75.6,-6.6,69,0,Low Demand,📉 Low Performance
20801,684.16,816,56,47,2,708.16,-24,684.16,0,Low Demand,✅ Profitable Product
20802,710.37,609,46,40,2,730.44,-20.07,710.37,0,Low Demand,✅ Profitable Product
20803,357.69,849,33,26,2,386.25,-28.56,357.69,0,Low Demand,✅ Profitable Product
20816,15.6,8,2,1,0,15.6,0,15.6,0,Low Demand,📉 Low Performance
20818,20,12,2,2,0,20,0,20,0,Low Demand,📉 Low Performance
20819,183.71,48,16,14,0,183.71,0,183.71,0,Low Demand,📉 Low Performance
20820,24.75,5,2,2,0,24.75,0,24.75,0,Low Demand,📉 Low Performance
20821,19.8,4,7,5,2,79.2,-59.4,19.8,0,Low Demand,📉 Low Performance
20823,129.56,164,7,6,0,129.56,0,129.56,0,Low Demand,📉 Low Performance
20826,128.4,276,8,7,0,128.4,0,128.4,0,Low Demand,📉 Low Performance
20827,34.32,88,2,1,0,34.32,0,34.32,0,Low Demand,📉 Low Performance
20828,2494.2,1012,177,116,0,2494.2,0,2494.2,0,Low Demand,✅ Profitable Product
20829,2325.23,1145,169,90,6,2530.49,-205.26,2325.23,0,Low Demand,✅ Profitable Product
20830,155.4,74,21,20,1,157.5,-2.1,155.4,0,Low Demand,📉 Low Performance
20831,272.34,169,24,19,0,272.34,0,272.34,0,Low Demand,✅ Profitable Product
20832,526.19,1033,56,47,1,527.04,-0.85,526.19,0,Low Demand,✅ Profitable Product
20835,54.78,66,7,7,0,54.78,0,54.78,0,Low Demand,📉 Low Performance
20836,131.14,158,18,14,1,141.1,-9.96,131.14,0,Low Demand,📉 Low Performance
20837,142.47,141,15,14,0,142.47,0,142.47,0,Low Demand,📉 Low Performance
20838,272.74,318,34,30,1,282.94,-10.2,272.74,0,Low Demand,✅ Profitable Product
20839,411.84,452,49,44,0,411.84,0,411.84,0,Low Demand,✅ Profitable Product
20840,389.08,452,44,35,1,399.28,-10.2,389.08,0,Low Demand,✅ Profitable Product
20845,120.65,19,11,7,0,120.65,0,120.65,0,Low Demand,📉 Low Performance
20846,785.47,647,62,50,0,785.47,0,785.47,0,Low Demand,✅ Profitable Product
20847,172.5,46,14,12,0,172.5,0,172.5,0,Low Demand,📉 Low Performance
20848,61.95,21,8,7,0,61.95,0,61.95,0,Low Demand,📉 Low Performance
20851,53.55,9,7,5,0,53.55,0,53.55,0,Low Demand,📉 Low Performance
20854,233,152,18,16,1,256.1,-23.1,233,0,Low Demand,✅ Profitable Product
20856,214.5,130,28,26,1,231,-16.5,214.5,0,Low Demand,✅ Profitable Product
20857,28.05,17,9,7,1,52.8,-24.75,28.05,0,Low Demand,📉 Low Performance
20861,4.2,2,2,2,0,4.2,0,4.2,0,Low Demand,📉 Low Performance
20866,361.39,289,38,34,1,488.59,-127.2,361.39,0,Low Demand,✅ Profitable Product
20867,231.47,187,25,23,0,231.47,0,231.47,0,Low Demand,✅ Profitable Product
20868,159.26,381,31,29,0,159.26,0,159.26,0,Low Demand,📉 Low Performance
20869,54.21,139,17,17,0,54.21,0,54.21,0,Low Demand,📉 Low Performance
20878,31.25,25,7,7,0,31.25,0,31.25,0,Low Demand,📉 Low Performance
20886,841.65,447,78,56,1,853.35,-11.7,841.65,0,Low Demand,✅ Profitable Product
20892,12.75,1,1,1,0,12.75,0,12.75,0,Low Demand,📉 Low Performance
20893,493.5,223,20,16,1,569.1,-75.6,493.5,0,Low Demand,✅ Profitable Product
20894,73.75,25,9,9,0,73.75,0,73.75,0,Low Demand,📉 Low Performance
20897,194.95,73,10,9,2,230.35,-35.4,194.95,0,Low Demand,📉 Low Performance
20898,56.05,19,5,4,1,73.75,-17.7,56.05,0,Low Demand,📉 Low Performance
20901,12.7,2,3,2,1,25.4,-12.7,12.7,0,Low Demand,📉 Low Performance
20902,190.35,33,6,6,0,190.35,0,190.35,0,Low Demand,📉 Low Performance
20903,127,20,10,10,0,127,0,127,0,Low Demand,📉 Low Performance
20906,8.85,3,2,2,0,8.85,0,8.85,0,Low Demand,📉 Low Performance
20910,50.8,8,3,2,0,50.8,0,50.8,0,Low Demand,📉 Low Performance
20914,17003.13,6063,798,360,34,17303.98,-300.85,17003.13,1,Stable,✅ Profitable Product
20931,753.15,249,39,35,2,794.45,-41.3,753.15,0,Low Demand,✅ Profitable Product
20932,486.75,179,24,22,2,516.25,-29.5,486.75,0,Low Demand,✅ Profitable Product
20933,71.05,23,9,9,0,71.05,0,71.05,0,Low Demand,📉 Low Performance
20934,219,40,24,22,4,294.3,-75.3,219,0,Low Demand,✅ Profitable Product
20935,17.7,6,4,4,0,17.7,0,17.7,0,Low Demand,📉 Low Performance
20936,270.03,91,27,21,1,272.98,-2.95,270.03,0,Low Demand,✅ Profitable Product
20941,73.75,59,18,14,1,76.25,-2.5,73.75,0,Low Demand,📉 Low Performance
20956,909.88,725,61,51,2,916.13,-6.25,909.88,0,Low Demand,✅ Profitable Product
20957,-1.45,-1,1,1,1,0,-1.45,-1.45,0,Low Demand,🚨 Loss Making Product
20961,1243.11,979,128,82,1,1305.61,-62.5,1243.11,0,Low Demand,✅ Profitable Product
20963,1400.49,1102,122,83,0,1400.49,0,1400.49,0,Low Demand,✅ Profitable Product
20964,5.1,2,1,1,0,5.1,0,5.1,0,Low Demand,📉 Low Performance
20966,698.25,589,41,28,0,698.25,0,698.25,0,Low Demand,✅ Profitable Product
20967,963.75,257,75,63,0,963.75,0,963.75,0,Low Demand,✅ Profitable Product
20969,5754.24,1587,259,157,3,6734.31,-980.07,5754.24,2,Hidden Loss,✅ Profitable Product
20970,3972.38,1078,232,141,2,3983.63,-11.25,3972.38,2,Hidden Loss,✅ Profitable Product
20971,8850.62,7608,461,277,5,11629.39,-2778.77,8850.62,2,Hidden Loss,✅ Profitable Product
20972,8618.49,7107,537,312,2,8648.49,-30,8618.49,2,Hidden Loss,✅ Profitable Product
20973,2548.55,4003,278,192,2,2551.15,-2.6,2548.55,2,Hidden Loss,✅ Profitable Product
20974,3867.2,6168,294,195,3,4235.1,-367.9,3867.2,2,Hidden Loss,✅ Profitable Product
20975,4023.2,6280,311,231,4,4101.2,-78,4023.2,2,Hidden Loss,✅ Profitable Product
20977,1878.18,1522,146,111,4,1971.93,-93.75,1878.18,0,Low Demand,✅ Profitable Product
20978,1994.43,1615,180,133,1,2014.43,-20,1994.43,0,Low Demand,✅ Profitable Product
20979,4033.51,3363,246,165,16,4233.51,-200,4033.51,2,Hidden Loss,⚠️ High Return Risk
20980,22.5,18,12,11,1,33.75,-11.25,22.5,0,Low Demand,📉 Low Performance
20981,1557.2,1832,212,157,4,1573.35,-16.15,1557.2,2,Hidden Loss,✅ Profitable Product
20982,1706.51,2015,218,158,3,1709.91,-3.4,1706.51,2,Hidden Loss,✅ Profitable Product
20983,2242.01,2645,237,185,3,2247.96,-5.95,2242.01,2,Hidden Loss,✅ Profitable Product
20984,1162.05,3785,168,135,1,1169.01,-6.96,1162.05,2,Hidden Loss,✅ Profitable Product
20985,1141.45,1001,90,66,3,1160.88,-19.43,1141.45,0,Low Demand,✅ Profitable Product
20986,546.76,462,58,40,0,546.76,0,546.76,0,Low Demand,✅ Profitable Product
20992,1867.05,4365,244,162,0,1867.05,0,1867.05,2,Hidden Loss,✅ Profitable Product
20996,648.69,3057,184,124,0,648.69,0,648.69,0,Low Demand,✅ Profitable Product
20997,74.25,15,5,4,0,74.25,0,74.25,0,Low Demand,📉 Low Performance
20998,348.25,119,28,27,0,348.25,0,348.25,0,Low Demand,✅ Profitable Product
21000,195.5,46,16,16,0,195.5,0,195.5,0,Low Demand,📉 Low Performance
21001,148.75,25,12,12,0,148.75,0,148.75,0,Low Demand,📉 Low Performance
21002,55.25,13,5,5,0,55.25,0,55.25,0,Low Demand,📉 Low Performance
21003,82.55,13,6,6,0,82.55,0,82.55,0,Low Demand,📉 Low Performance
21011,26.1,18,2,2,0,26.1,0,26.1,0,Low Demand,📉 Low Performance
21012,1127,564,81,66,1,1133.3,-6.3,1127,0,Low Demand,✅ Profitable Product
21014,455.57,1233,66,64,0,455.57,0,455.57,0,Low Demand,✅ Profitable Product
21015,376.75,1247,67,59,1,377.91,-1.16,376.75,0,Low Demand,✅ Profitable Product
21018,18.7,22,4,4,0,18.7,0,18.7,0,Low Demand,📉 Low Performance
21025,127.25,100,16,14,0,127.25,0,127.25,0,Low Demand,📉 Low Performance
21026,177.37,143,22,20,0,177.37,0,177.37,0,Low Demand,📉 Low Performance
21027,122.45,101,17,16,0,122.45,0,122.45,0,Low Demand,📉 Low Performance
21028,148.29,116,21,15,0,148.29,0,148.29,0,Low Demand,📉 Low Performance
21030,153.67,121,21,19,0,153.67,0,153.67,0,Low Demand,📉 Low Performance
21031,51.21,40,10,9,0,51.21,0,51.21,0,Low Demand,📉 Low Performance
21032,84.88,65,15,13,0,84.88,0,84.88,0,Low Demand,📉 Low Performance
21033,1932.96,921,109,75,1,1934.75,-1.79,1932.96,0,Low Demand,✅ Profitable Product
21034,1778.4,1872,862,480,3,1798.35,-19.95,1778.4,2,Hidden Loss,✅ Profitable Product
21035,6270.01,2119,221,151,2,6820.01,-550,6270.01,2,Hidden Loss,✅ Profitable Product
21038,80.85,75,24,20,1,86.75,-5.9,80.85,0,Low Demand,📉 Low Performance
21039,1254.06,498,79,57,2,1284.66,-30.6,1254.06,0,Low Demand,✅ Profitable Product
21040,29.7,22,8,8,0,29.7,0,29.7,0,Low Demand,📉 Low Performance
21041,1690.35,573,141,100,3,1699.2,-8.85,1690.35,0,Low Demand,✅ Profitable Product
21042,1768.45,297,110,72,5,1802.85,-34.4,1768.45,0,Low Demand,✅ Profitable Product
21043,931.85,443,57,52,0,931.85,0,931.85,0,Low Demand,✅ Profitable Product
21051,228.83,108,24,23,0,228.83,0,228.83,0,Low Demand,✅ Profitable Product
21054,608.6,68,27,24,0,608.6,0,608.6,0,Low Demand,✅ Profitable Product
21055,1314.44,140,83,63,1,1368.14,-53.7,1314.44,0,Low Demand,✅ Profitable Product
21056,1622.28,172,68,46,2,1640.18,-17.9,1622.28,0,Low Demand,✅ Profitable Product
21058,845.57,1037,88,68,1,855.77,-10.2,845.57,0,Low Demand,✅ Profitable Product
21059,476.85,561,78,67,1,487.05,-10.2,476.85,0,Low Demand,✅ Profitable Product
21060,302.6,356,53,47,0,302.6,0,302.6,0,Low Demand,✅ Profitable Product
21061,350.2,412,52,49,0,350.2,0,350.2,0,Low Demand,✅ Profitable Product
21062,425.85,501,61,55,0,425.85,0,425.85,0,Low Demand,✅ Profitable Product
21063,412.11,483,81,64,0,412.11,0,412.11,0,Low Demand,✅ Profitable Product
21064,760.5,176,54,40,0,760.5,0,760.5,0,Low Demand,✅ Profitable Product
21065,839.05,487,40,31,0,839.05,0,839.05,0,Low Demand,✅ Profitable Product
21066,642.62,676,42,33,1,657.62,-15,642.62,0,Low Demand,✅ Profitable Product
21067,220,176,44,30,3,249.38,-29.38,220,0,Low Demand,✅ Profitable Product
21068,1592.05,1493,128,81,3,1637.71,-45.66,1592.05,0,Low Demand,✅ Profitable Product
21069,1305.99,1167,52,35,1,2049.05,-743.06,1305.99,0,Low Demand,✅ Profitable Product
21070,1059.79,1033,77,51,0,1059.79,0,1059.79,0,Low Demand,✅ Profitable Product
21071,1019.62,843,108,72,1,1025.98,-6.36,1019.62,0,Low Demand,✅ Profitable Product
21078,1982.08,2494,201,148,0,1982.08,0,1982.08,2,Hidden Loss,✅ Profitable Product
21080,9642.34,12296,734,427,2,9656.79,-14.45,9642.34,1,Stable,✅ Profitable Product
21084,459.29,2175,104,90,1,463.85,-4.56,459.29,0,Low Demand,✅ Profitable Product
21086,4009.49,6589,285,167,0,4009.49,0,4009.49,2,Hidden Loss,✅ Profitable Product
21087,62.12,126,10,10,0,62.12,0,62.12,0,Low Demand,📉 Low Performance
21088,343.14,1564,75,67,1,345.42,-2.28,343.14,0,Low Demand,✅ Profitable Product
21089,45.73,231,24,23,0,45.73,0,45.73,0,Low Demand,📉 Low Performance
21090,694.26,1636,119,98,3,708.3,-14.04,694.26,0,Low Demand,✅ Profitable Product
21094,5496.53,7351,325,179,0,5496.53,0,5496.53,2,Hidden Loss,✅ Profitable Product
21095,80.75,95,9,9,0,80.75,0,80.75,0,Low Demand,📉 Low Performance
21096,479.25,1143,70,63,0,479.25,0,479.25,0,Low Demand,✅ Profitable Product
21098,3638.14,3137,165,115,2,3680.05,-41.91,3638.14,2,Hidden Loss,✅ Profitable Product
21100,70.95,43,8,7,0,70.95,0,70.95,0,Low Demand,📉 Low Performance
21106,530.95,193,34,30,0,530.95,0,530.95,0,Low Demand,✅ Profitable Product
21107,2218.8,840,62,48,0,2218.8,0,2218.8,0,Low Demand,✅ Profitable Product
21108,10713.15,6932,195,160,3,17304.57,-6591.42,10713.15,2,Hidden Loss,✅ Profitable Product
21109,2131.35,837,68,54,0,2131.35,0,2131.35,0,Low Demand,✅ Profitable Product
21110,2281.55,773,79,62,1,2295.05,-13.5,2281.55,0,Low Demand,✅ Profitable Product
21111,1291.55,789,50,46,0,1291.55,0,1291.55,0,Low Demand,✅ Profitable Product
21112,2551.83,1245,46,37,0,2551.83,0,2551.83,0,Low Demand,✅ Profitable Product
21114,1692.78,1342,129,105,1,1705.28,-12.5,1692.78,0,Low Demand,✅ Profitable Product
21115,2580.21,523,129,104,0,2580.21,0,2580.21,0,Low Demand,✅ Profitable Product
21116,2339.19,489,117,81,0,2339.19,0,2339.19,0,Low Demand,✅ Profitable Product
21117,149.25,115,14,11,0,149.25,0,149.25,0,Low Demand,📉 Low Performance
21121,7739.18,6454,338,238,2,7799.18,-60,7739.18,2,Hidden Loss,✅ Profitable Product
21122,6292.33,5208,307,215,3,6353.58,-61.25,6292.33,2,Hidden Loss,✅ Profitable Product
21123,1185.81,951,98,66,1,1215.81,-30,1185.81,0,Low Demand,✅ Profitable Product
21124,4737.09,3921,230,181,3,4798.34,-61.25,4737.09,2,Hidden Loss,✅ Profitable Product
21125,745,596,69,60,2,747.5,-2.5,745,0,Low Demand,✅ Profitable Product
21126,605.44,488,67,57,0,605.44,0,605.44,0,Low Demand,✅ Profitable Product
21128,284.16,47,16,12,0,284.16,0,284.16,0,Low Demand,✅ Profitable Product
21129,318.4,43,21,14,1,332.3,-13.9,318.4,0,Low Demand,✅ Profitable Product
21131,290.25,93,17,11,0,290.25,0,290.25,0,Low Demand,✅ Profitable Product
21132,142.75,35,16,13,0,142.75,0,142.75,0,Low Demand,📉 Low Performance
21135,2853.28,2416,164,122,2,2975.24,-121.96,2853.28,2,Hidden Loss,✅ Profitable Product
21136,7476.19,4467,354,259,2,7491.4,-15.21,7476.19,2,Hidden Loss,✅ Profitable Product
21137,39009.38,11391,318,140,5,39064.55,-55.17,39009.38,1,Stable,✅ Profitable Product
21143,573.3,294,28,27,2,577.2,-3.9,573.3,0,Low Demand,✅ Profitable Product
21144,-4.56,-12,1,1,1,0,-4.56,-4.56,0,Low Demand,🚨 Loss Making Product
21145,152.5,122,8,8,0,152.5,0,152.5,0,Low Demand,📉 Low Performance
21147,200.94,89,21,11,0,200.94,0,200.94,0,Low Demand,✅ Profitable Product
21154,3524.63,2975,266,175,4,3751.63,-227,3524.63,2,Hidden Loss,✅ Profitable Product
21155,5369.45,2222,367,206,13,5880.05,-510.6,5369.45,2,Hidden Loss,✅ Profitable Product
21156,5511.82,3000,300,203,8,5587.87,-76.05,5511.82,2,Hidden Loss,✅ Profitable Product
21157,102.9,49,14,12,0,102.9,0,102.9,0,Low Demand,📉 Low Performance
21158,677.55,1403,147,103,1,686.91,-9.36,677.55,0,Low Demand,✅ Profitable Product
21159,542.75,1109,108,73,0,542.75,0,542.75,0,Low Demand,✅ Profitable Product
21161,189.95,131,34,25,0,189.95,0,189.95,0,Low Demand,📉 Low Performance
21162,696.4,1416,137,98,0,696.4,0,696.4,0,Low Demand,✅ Profitable Product
21163,602.61,1175,111,87,1,603.86,-1.25,602.61,0,Low Demand,✅ Profitable Product
21164,4832.92,1708,247,166,1,4850.62,-17.7,4832.92,2,Hidden Loss,✅ Profitable Product
21165,6385.03,4015,360,178,1,6405.31,-20.28,6385.03,2,Hidden Loss,✅ Profitable Product
21166,20154.23,10122,613,287,11,20315.33,-161.1,20154.23,1,Stable,✅ Profitable Product
21167,254.1,1210,26,20,1,264.6,-10.5,254.1,0,Low Demand,✅ Profitable Product
21169,6733.35,4263,347,192,5,6762.57,-29.22,6733.35,2,Hidden Loss,✅ Profitable Product
21171,566.8,424,60,43,0,566.8,0,566.8,0,Low Demand,✅ Profitable Product
21172,4689.42,3322,373,236,2,4708.27,-18.85,4689.42,2,Hidden Loss,✅ Profitable Product
21174,8372.7,3926,371,225,0,8372.7,0,8372.7,2,Hidden Loss,✅ Profitable Product
21175,22332.11,9963,699,343,7,26107.44,-3775.33,22332.11,1,Stable,✅ Profitable Product
21179,1016.55,1773,167,122,1,1021.23,-4.68,1016.55,0,Low Demand,✅ Profitable Product
21181,23761.22,11876,704,361,10,23930.92,-169.7,23761.22,1,Stable,✅ Profitable Product
21187,525.3,330,33,30,0,525.3,0,525.3,0,Low Demand,✅ Profitable Product
21188,838.5,294,33,27,0,838.5,0,838.5,0,Low Demand,✅ Profitable Product
21189,272.25,165,29,27,0,272.25,0,272.25,0,Low Demand,✅ Profitable Product
21190,172.7,118,8,6,1,245.2,-72.5,172.7,0,Low Demand,📉 Low Performance
21191,788.04,394,44,38,0,788.04,0,788.04,0,Low Demand,✅ Profitable Product
21192,1391.85,925,39,32,0,1391.85,0,1391.85,0,Low Demand,✅ Profitable Product
21194,360.2,427,44,37,3,366.7,-6.5,360.2,0,Low Demand,✅ Profitable Product
21195,607.86,417,24,21,0,607.86,0,607.86,0,Low Demand,✅ Profitable Product
21196,146.85,89,9,9,0,146.85,0,146.85,0,Low Demand,📉 Low Performance
21197,288.06,222,14,13,1,322.71,-34.65,288.06,0,Low Demand,✅ Profitable Product
21198,871.8,892,52,47,2,931.56,-59.76,871.8,0,Low Demand,✅ Profitable Product
21199,746.4,816,49,45,1,766.56,-20.16,746.4,0,Low Demand,✅ Profitable Product
21200,1272.9,1010,39,33,0,1272.9,0,1272.9,0,Low Demand,✅ Profitable Product
21201,2669.7,1174,73,44,1,2672.25,-2.55,2669.7,0,Low Demand,✅ Profitable Product
21202,404.85,449,20,20,0,404.85,0,404.85,0,Low Demand,✅ Profitable Product
21204,691.35,419,51,44,0,691.35,0,691.35,0,Low Demand,✅ Profitable Product
21205,481.95,189,51,44,4,532.95,-51,481.95,0,Low Demand,✅ Profitable Product
21206,1443.3,1218,76,56,1,1446.6,-3.3,1443.3,0,Low Demand,✅ Profitable Product
21207,1533.9,982,84,74,0,1533.9,0,1533.9,0,Low Demand,✅ Profitable Product
21208,515.7,832,60,50,4,531.69,-15.99,515.7,0,Low Demand,✅ Profitable Product
21209,660.79,1123,62,49,5,669.12,-8.33,660.79,0,Low Demand,✅ Profitable Product
21210,7773.72,5547,370,244,5,7947.37,-173.65,7773.72,2,Hidden Loss,✅ Profitable Product
21211,1144.8,816,66,58,0,1144.8,0,1144.8,0,Low Demand,✅ Profitable Product
21212,16247.95,33409,1041,636,12,16394.53,-146.58,16247.95,1,Stable,✅ Profitable Product
21213,6832.91,14261,500,295,1,6859.31,-26.4,6832.91,2,Hidden Loss,✅ Profitable Product
21215,461.8,868,63,51,0,461.8,0,461.8,0,Low Demand,✅ Profitable Product
21216,8276.37,1825,251,150,10,8354.87,-78.5,8276.37,2,Hidden Loss,✅ Profitable Product
21217,9098.7,966,264,169,7,9188.25,-89.55,9098.7,2,Hidden Loss,✅ Profitable Product
21218,6905.95,2009,214,131,11,7071.2,-165.25,6905.95,2,Hidden Loss,✅ Profitable Product
21219,408.59,323,42,35,0,408.59,0,408.59,0,Low Demand,✅ Profitable Product
21220,312.06,239,41,34,0,312.06,0,312.06,0,Low Demand,✅ Profitable Product
21221,262.14,201,24,24,0,262.14,0,262.14,0,Low Demand,✅ Profitable Product
21222,257.18,198,35,26,0,257.18,0,257.18,0,Low Demand,✅ Profitable Product
21224,906.2,728,82,58,1,913.7,-7.5,906.2,0,Low Demand,✅ Profitable Product
21226,11.25,9,4,4,0,11.25,0,11.25,0,Low Demand,📉 Low Performance
21228,6.25,5,2,2,0,6.25,0,6.25,0,Low Demand,📉 Low Performance
21231,6687.78,5600,408,216,29,6875.86,-188.08,6687.78,2,Hidden Loss,✅ Profitable Product
21232,11766.81,9981,639,314,61,12210.06,-443.25,11766.81,1,Stable,✅ Profitable Product
21238,2779.19,3468,286,162,9,2822.41,-43.22,2779.19,2,Hidden Loss,✅ Profitable Product
21239,2033.55,2553,203,141,2,2051.4,-17.85,2033.55,2,Hidden Loss,✅ Profitable Product
21240,2456.74,3120,220,150,5,2487.08,-30.34,2456.74,2,Hidden Loss,✅ Profitable Product
21242,4801.83,3039,226,150,4,4860.98,-59.15,4801.83,2,Hidden Loss,✅ Profitable Product
21243,3315.53,2105,149,103,1,3329.05,-13.52,3315.53,0,Low Demand,✅ Profitable Product
21244,3334.12,2116,150,108,3,3359.47,-25.35,3334.12,2,Hidden Loss,✅ Profitable Product
21245,1623.1,1014,100,72,0,1623.1,0,1623.1,0,Low Demand,✅ Profitable Product
21246,839.55,173,41,33,2,849.45,-9.9,839.55,0,Low Demand,✅ Profitable Product
21248,269.7,186,53,46,1,271.15,-1.45,269.7,0,Low Demand,✅ Profitable Product
21249,1874.4,672,79,68,0,1874.4,0,1874.4,0,Low Demand,✅ Profitable Product
21250,257,92,17,15,0,257,0,257,0,Low Demand,✅ Profitable Product
21251,486.75,165,35,32,0,486.75,0,486.75,0,Low Demand,✅ Profitable Product
21253,192.54,66,16,14,0,192.54,0,192.54,0,Low Demand,📉 Low Performance
21257,3646.99,477,157,100,5,3735.39,-88.4,3646.99,0,Low Demand,✅ Profitable Product
21258,4334.48,364,124,63,18,5014.23,-679.75,4334.48,2,Hidden Loss,⚠️ High Return Risk
21259,6363.71,1116,244,134,7,6432.11,-68.4,6363.71,2,Hidden Loss,✅ Profitable Product
21260,3390.6,1086,150,104,2,3530.35,-139.75,3390.6,0,Low Demand,✅ Profitable Product
21261,520.65,167,27,24,0,520.65,0,520.65,0,Low Demand,✅ Profitable Product
21262,733.85,263,53,43,3,790.6,-56.75,733.85,0,Low Demand,✅ Profitable Product
21263,317.85,163,37,32,1,321.75,-3.9,317.85,0,Low Demand,✅ Profitable Product
21264,483.6,248,44,37,2,499.2,-15.6,483.6,0,Low Demand,✅ Profitable Product
21265,249.6,128,16,15,0,249.6,0,249.6,0,Low Demand,✅ Profitable Product
21268,0.84,2,1,1,0,0.84,0,0.84,0,Low Demand,📉 Low Performance
21269,238,28,18,17,0,238,0,238,0,Low Demand,✅ Profitable Product
21270,178.5,14,13,12,0,178.5,0,178.5,0,Low Demand,📉 Low Performance
21272,657.57,501,62,49,2,660.07,-2.5,657.57,0,Low Demand,✅ Profitable Product
21275,92.75,5,11,10,2,169.5,-76.75,92.75,0,Low Demand,📉 Low Performance
21277,442,21,22,19,2,485.9,-43.9,442,0,Low Demand,✅ Profitable Product
21278,109.65,43,7,7,0,109.65,0,109.65,0,Low Demand,📉 Low Performance
21279,158.1,62,13,12,1,165.75,-7.65,158.1,0,Low Demand,📉 Low Performance
21280,165.75,65,12,12,0,165.75,0,165.75,0,Low Demand,📉 Low Performance
21281,89.25,35,6,6,0,89.25,0,89.25,0,Low Demand,📉 Low Performance
21284,283.17,349,27,26,2,313.53,-30.36,283.17,0,Low Demand,✅ Profitable Product
21285,342.02,326,34,27,1,357.62,-15.6,342.02,0,Low Demand,✅ Profitable Product
21286,279.37,255,18,17,0,279.37,0,279.37,0,Low Demand,✅ Profitable Product
21287,755.13,1788,54,47,0,755.13,0,755.13,0,Low Demand,✅ Profitable Product
21288,655.6,232,41,33,1,716.8,-61.2,655.6,0,Low Demand,✅ Profitable Product
21289,528.75,423,21,20,2,553.75,-25,528.75,0,Low Demand,✅ Profitable Product
21291,782,920,40,32,0,782,0,782,0,Low Demand,✅ Profitable Product
21292,591.25,865,26,25,0,591.25,0,591.25,0,Low Demand,✅ Profitable Product
21293,214.13,101,18,14,0,214.13,0,214.13,0,Low Demand,✅ Profitable Product
21294,722.88,1536,58,46,0,722.88,0,722.88,0,Low Demand,✅ Profitable Product
21306,159.25,468,38,35,2,166.57,-7.32,159.25,0,Low Demand,📉 Low Performance
21307,39.2,79,13,11,0,39.2,0,39.2,0,Low Demand,📉 Low Performance
21310,29.95,1,1,1,0,29.95,0,29.95,0,Low Demand,📉 Low Performance
21311,157.94,451,46,40,2,165.77,-7.83,157.94,0,Low Demand,📉 Low Performance
21313,2086.84,2812,139,97,10,2110.46,-23.62,2086.84,2,Hidden Loss,✅ Profitable Product
21314,7142.41,3531,382,216,40,7412.56,-270.15,7142.41,2,Hidden Loss,✅ Profitable Product
21316,156.59,149,9,9,0,156.59,0,156.59,0,Low Demand,📉 Low Performance
21317,511.25,95,27,23,1,516.2,-4.95,511.25,0,Low Demand,✅ Profitable Product
21318,355.59,663,45,38,5,372.3,-16.71,355.59,0,Low Demand,✅ Profitable Product
21319,127.86,146,13,12,1,129.51,-1.65,127.86,0,Low Demand,📉 Low Performance
21320,294.96,179,12,10,1,309.66,-14.7,294.96,0,Low Demand,✅ Profitable Product
21324,203.55,69,20,20,0,203.55,0,203.55,0,Low Demand,✅ Profitable Product
21326,6069.55,10067,282,168,5,6083.2,-13.65,6069.55,2,Hidden Loss,✅ Profitable Product
21327,887.7,538,145,99,0,887.7,0,887.7,0,Low Demand,✅ Profitable Product
21328,1262.2,760,187,135,0,1262.2,0,1262.2,0,Low Demand,✅ Profitable Product
21329,980.05,589,168,120,0,980.05,0,980.05,0,Low Demand,✅ Profitable Product
21331,140.25,11,7,7,0,140.25,0,140.25,0,Low Demand,📉 Low Performance
21332,143.3,14,8,8,0,143.3,0,143.3,0,Low Demand,📉 Low Performance
21333,162.25,55,15,15,0,162.25,0,162.25,0,Low Demand,📉 Low Performance
21336,23.6,8,3,3,0,23.6,0,23.6,0,Low Demand,📉 Low Performance
21340,9914.21,904,266,179,6,10161.41,-247.2,9914.21,2,Hidden Loss,✅ Profitable Product
21344,109.45,11,6,5,1,139.3,-29.85,109.45,0,Low Demand,📉 Low Performance
21348,355.65,139,5,5,0,355.65,0,355.65,0,Low Demand,✅ Profitable Product
21349,54,8,8,7,1,81,-27,54,0,Low Demand,📉 Low Performance
21351,607.3,94,33,28,2,654.55,-47.25,607.3,0,Low Demand,✅ Profitable Product
21352,1057.9,302,39,36,2,1118.65,-60.75,1057.9,0,Low Demand,✅ Profitable Product
21354,888.45,753,68,55,0,888.45,0,888.45,0,Low Demand,✅ Profitable Product
21355,961.65,777,107,95,0,961.65,0,961.65,0,Low Demand,✅ Profitable Product
21356,363.15,304,53,37,0,363.15,0,363.15,0,Low Demand,✅ Profitable Product
21357,23.75,19,10,9,0,23.75,0,23.75,0,Low Demand,📉 Low Performance
21358,410,328,59,54,0,410,0,410,0,Low Demand,✅ Profitable Product
21359,751.75,125,28,22,2,759.65,-7.9,751.75,0,Low Demand,✅ Profitable Product
21360,194.15,37,14,14,0,194.15,0,194.15,0,Low Demand,📉 Low Performance
21361,1076.85,87,56,43,2,1127.85,-51,1076.85,0,Low Demand,✅ Profitable Product
21363,965.25,195,96,68,6,1034.55,-69.3,965.25,0,Low Demand,✅ Profitable Product
21364,162,24,22,19,1,168.75,-6.75,162,0,Low Demand,📉 Low Performance
21365,360,348,42,35,0,360,0,360,0,Low Demand,✅ Profitable Product
21366,102,24,10,9,0,102,0,102,0,Low Demand,📉 Low Performance
21367,159.51,163,35,29,0,159.51,0,159.51,0,Low Demand,📉 Low Performance
21368,129.15,161,30,25,0,129.15,0,129.15,0,Low Demand,📉 Low Performance
21369,142.5,98,13,12,0,142.5,0,142.5,0,Low Demand,📉 Low Performance
21370,88.2,15,8,7,0,88.2,0,88.2,0,Low Demand,📉 Low Performance
21371,274.65,275,32,27,0,274.65,0,274.65,0,Low Demand,✅ Profitable Product
21372,75.73,67,25,18,0,75.73,0,75.73,0,Low Demand,📉 Low Performance
21373,371.25,495,46,41,1,380.25,-9,371.25,0,Low Demand,✅ Profitable Product
21374,400,294,40,37,0,400,0,400,0,Low Demand,✅ Profitable Product
21375,109.8,24,10,9,0,109.8,0,109.8,0,Low Demand,📉 Low Performance
21376,154.65,33,13,13,0,154.65,0,154.65,0,Low Demand,📉 Low Performance
21377,123.21,93,19,18,0,123.21,0,123.21,0,Low Demand,📉 Low Performance
21378,175.05,129,22,21,0,175.05,0,175.05,0,Low Demand,📉 Low Performance
21379,163.11,147,23,22,0,163.11,0,163.11,0,Low Demand,📉 Low Performance
21380,5907.2,2092,233,138,1,5910.15,-2.95,5907.2,2,Hidden Loss,✅ Profitable Product
21381,2690.82,1674,140,88,2,2733.07,-42.25,2690.82,0,Low Demand,✅ Profitable Product
21382,1158.35,1037,94,64,1,1164.35,-6,1158.35,0,Low Demand,✅ Profitable Product
21383,500.5,770,78,75,1,501.8,-1.3,500.5,0,Low Demand,✅ Profitable Product
21385,2955.94,3562,206,153,1,2957.64,-1.7,2955.94,2,Hidden Loss,✅ Profitable Product
21386,257.57,713,46,42,0,257.57,0,257.57,0,Low Demand,✅ Profitable Product
21389,864.45,1017,95,81,1,865.3,-0.85,864.45,0,Low Demand,✅ Profitable Product
21390,4540.38,3778,175,120,1,4544.13,-3.75,4540.38,2,Hidden Loss,✅ Profitable Product
21391,849.15,972,76,69,1,855.45,-6.3,849.15,0,Low Demand,✅ Profitable Product
21392,38.13,32,6,5,0,38.13,0,38.13,0,Low Demand,📉 Low Performance
21393,38.67,29,7,7,0,38.67,0,38.67,0,Low Demand,📉 Low Performance
21394,1530.04,3800,118,88,4,1538.62,-8.58,1530.04,0,Low Demand,✅ Profitable Product
21395,1092.78,2802,81,63,3,1096.68,-3.9,1092.78,0,Low Demand,✅ Profitable Product
21397,445.26,1016,44,43,0,445.26,0,445.26,0,Low Demand,✅ Profitable Product
21398,642.75,1499,49,43,0,642.75,0,642.75,0,Low Demand,✅ Profitable Product
21399,787.53,1936,65,50,4,830.82,-43.29,787.53,0,Low Demand,✅ Profitable Product
21400,109.74,837,48,42,0,109.74,0,109.74,0,Low Demand,📉 Low Performance
21401,132.3,1010,58,48,0,132.3,0,132.3,0,Low Demand,📉 Low Performance
21402,155.4,1290,61,54,0,155.4,0,155.4,0,Low Demand,📉 Low Performance
21403,258.72,1718,71,58,0,258.72,0,258.72,0,Low Demand,✅ Profitable Product
21407,960.75,232,95,79,1,965,-4.25,960.75,0,Low Demand,✅ Profitable Product
21408,756.41,223,66,50,1,764.91,-8.5,756.41,0,Low Demand,✅ Profitable Product
21411,2365.96,716,186,147,1,2391.46,-25.5,2365.96,2,Hidden Loss,✅ Profitable Product
21412,-2.52,-6,1,1,1,0,-2.52,-2.52,0,Low Demand,🚨 Loss Making Product
21413,45,36,10,8,0,45,0,45,0,Low Demand,📉 Low Performance
21414,2.1,1,1,1,0,2.1,0,2.1,0,Low Demand,📉 Low Performance
21415,384.13,206,30,25,0,384.13,0,384.13,0,Low Demand,✅ Profitable Product
21416,18.75,5,4,4,0,18.75,0,18.75,0,Low Demand,📉 Low Performance
21417,418.78,288,33,24,1,420.88,-2.1,418.78,0,Low Demand,✅ Profitable Product
21418,115.25,59,12,11,0,115.25,0,115.25,0,Low Demand,📉 Low Performance
21420,87.12,48,13,12,0,87.12,0,87.12,0,Low Demand,📉 Low Performance
21421,345.14,298,13,11,0,345.14,0,345.14,0,Low Demand,✅ Profitable Product
21422,1214.96,1556,48,33,2,1218.36,-3.4,1214.96,0,Low Demand,✅ Profitable Product
21424,597.3,222,27,21,5,612.05,-14.75,597.3,0,Low Demand,✅ Profitable Product
21425,188.05,67,16,12,0,188.05,0,188.05,0,Low Demand,📉 Low Performance
21426,402.9,209,20,16,3,411.3,-8.4,402.9,0,Low Demand,✅ Profitable Product
21427,155.4,74,28,23,3,161.7,-6.3,155.4,0,Low Demand,📉 Low Performance
21428,4127.3,1064,188,117,6,4263.55,-136.25,4127.3,2,Hidden Loss,✅ Profitable Product
21429,2850.9,1574,226,147,9,2925,-74.1,2850.9,2,Hidden Loss,✅ Profitable Product
21430,9280.29,2663,331,188,12,9424.32,-144.03,9280.29,2,Hidden Loss,✅ Profitable Product
21439,1142.5,914,78,51,1,1574.98,-432.48,1142.5,0,Low Demand,✅ Profitable Product
21441,223.3,376,38,34,0,223.3,0,223.3,0,Low Demand,✅ Profitable Product
21442,232.01,389,36,31,0,232.01,0,232.01,0,Low Demand,✅ Profitable Product
21445,262.5,210,22,17,1,267.5,-5,262.5,0,Low Demand,✅ Profitable Product
21446,500,400,75,47,0,500,0,500,0,Low Demand,✅ Profitable Product
21447,935,748,92,56,1,936.25,-1.25,935,0,Low Demand,✅ Profitable Product
21448,539.55,327,62,46,0,539.55,0,539.55,0,Low Demand,✅ Profitable Product
21452,2057,716,145,110,13,2140.15,-83.15,2057,2,Hidden Loss,⚠️ High Return Risk
21454,270.3,318,43,41,0,270.3,0,270.3,0,Low Demand,✅ Profitable Product
21455,219.3,258,33,32,1,230.35,-11.05,219.3,0,Low Demand,✅ Profitable Product
21456,200,160,20,17,1,201.25,-1.25,200,0,Low Demand,✅ Profitable Product
21457,143.75,115,16,15,0,143.75,0,143.75,0,Low Demand,📉 Low Performance
21458,197.5,158,19,18,0,197.5,0,197.5,0,Low Demand,📉 Low Performance
21459,130.65,67,20,17,2,146.25,-15.6,130.65,0,Low Demand,📉 Low Performance
21460,50.7,26,9,9,0,50.7,0,50.7,0,Low Demand,📉 Low Performance
21461,13.65,7,6,5,2,17.55,-3.9,13.65,0,Low Demand,📉 Low Performance
21462,859.2,192,67,57,0,859.2,0,859.2,0,Low Demand,✅ Profitable Product
21463,3188.4,602,137,77,8,3405.3,-216.9,3188.4,0,Low Demand,✅ Profitable Product
21464,995.75,235,106,57,4,1034,-38.25,995.75,0,Low Demand,✅ Profitable Product
21465,727.46,193,63,55,0,727.46,0,727.46,0,Low Demand,✅ Profitable Product
21466,982.49,267,91,71,0,982.49,0,982.49,0,Low Demand,✅ Profitable Product
21467,806.17,213,80,58,2,813.67,-7.5,806.17,0,Low Demand,✅ Profitable Product
21468,468.67,123,50,43,0,468.67,0,468.67,0,Low Demand,✅ Profitable Product
21469,933.71,248,73,57,2,941.21,-7.5,933.71,0,Low Demand,✅ Profitable Product
21470,1259.88,333,116,78,2,1278.63,-18.75,1259.88,0,Low Demand,✅ Profitable Product
21471,1687.65,491,95,78,3,1702.65,-15,1687.65,0,Low Demand,✅ Profitable Product
21472,446.25,119,33,29,0,446.25,0,446.25,0,Low Demand,✅ Profitable Product
21473,438.9,22,18,16,0,438.9,0,438.9,0,Low Demand,✅ Profitable Product
21476,463.45,31,18,14,0,463.45,0,463.45,0,Low Demand,✅ Profitable Product
21479,9591.79,2517,382,254,4,10227.72,-635.93,9591.79,2,Hidden Loss,✅ Profitable Product
21481,8978.95,2837,386,255,7,9218.55,-239.6,8978.95,2,Hidden Loss,✅ Profitable Product
21484,5662.77,1507,284,206,2,5810.37,-147.6,5662.77,2,Hidden Loss,✅ Profitable Product
21485,15772.73,3315,541,372,8,15871.73,-99,15772.73,1,Stable,✅ Profitable Product
21486,30,8,4,4,0,30,0,30,0,Low Demand,📉 Low Performance
21488,11.85,3,2,2,0,11.85,0,11.85,0,Low Demand,📉 Low Performance
21494,1622.23,1226,127,79,1,1624.73,-2.5,1622.23,0,Low Demand,✅ Profitable Product
21495,2345.5,5775,166,102,1,2356,-10.5,2345.5,2,Hidden Loss,✅ Profitable Product
21497,3430,8600,230,177,0,3430,0,3430,2,Hidden Loss,✅ Profitable Product
21498,4299.74,10497,337,238,2,4320.74,-21,4299.74,2,Hidden Loss,✅ Profitable Product
21499,2726,6700,217,175,2,2808.5,-82.5,2726,2,Hidden Loss,✅ Profitable Product
21500,2593,6350,213,162,0,2593,0,2593,2,Hidden Loss,✅ Profitable Product
21503,288.5,725,24,22,1,288.92,-0.42,288.5,0,Low Demand,✅ Profitable Product
21504,763.2,1884,96,74,0,763.2,0,763.2,0,Low Demand,✅ Profitable Product
21506,1905.84,4728,251,171,1,1910.88,-5.04,1905.84,2,Hidden Loss,✅ Profitable Product
21507,1303.92,3182,200,139,2,1314,-10.08,1303.92,2,Hidden Loss,✅ Profitable Product
21508,966.07,2381,146,108,1,971.11,-5.04,966.07,0,Low Demand,✅ Profitable Product
21509,1444.75,3581,203,142,0,1444.75,0,1444.75,2,Hidden Loss,✅ Profitable Product
21518,106.98,265,17,16,0,106.98,0,106.98,0,Low Demand,📉 Low Performance
21519,1305.78,3181,194,100,3,1320.9,-15.12,1305.78,2,Hidden Loss,✅ Profitable Product
21520,186.78,455,34,29,1,187.62,-0.84,186.78,0,Low Demand,📉 Low Performance
21523,19116.97,3083,400,203,3,19157.02,-40.05,19116.97,2,Hidden Loss,✅ Profitable Product
21524,12046.77,1656,408,251,3,12095.67,-48.9,12046.77,2,Hidden Loss,✅ Profitable Product
21527,3280.3,434,154,102,21,3540.6,-260.3,3280.3,2,Hidden Loss,⚠️ High Return Risk
21528,1136.75,165,96,62,10,1230.05,-93.3,1136.75,0,Low Demand,✅ Profitable Product
21530,641.93,695,91,65,8,690.12,-48.19,641.93,0,Low Demand,✅ Profitable Product
21531,3422.7,1458,217,143,11,3459.15,-36.45,3422.7,2,Hidden Loss,⚠️ High Return Risk
21533,6119.25,1285,321,213,11,6267.15,-147.9,6119.25,2,Hidden Loss,✅ Profitable Product
21534,1529.1,314,132,94,8,1593.45,-64.35,1529.1,0,Low Demand,✅ Profitable Product
21535,5749.5,2428,326,205,16,5830.2,-80.7,5749.5,2,Hidden Loss,✅ Profitable Product
21537,1133,272,64,52,7,1341.75,-208.75,1133,0,Low Demand,✅ Profitable Product
21538,18.75,5,2,2,0,18.75,0,18.75,0,Low Demand,📉 Low Performance
21539,4320.7,916,227,124,16,4429.65,-108.95,4320.7,2,Hidden Loss,⚠️ High Return Risk
21544,1522.4,1872,113,80,0,1522.4,0,1522.4,0,Low Demand,✅ Profitable Product
21547,212.4,72,16,13,0,212.4,0,212.4,0,Low Demand,✅ Profitable Product
21555,140.25,55,12,11,0,140.25,0,140.25,0,Low Demand,📉 Low Performance
21556,1856.85,803,48,38,1,1859.4,-2.55,1856.85,0,Low Demand,✅ Profitable Product
21557,854.04,300,51,26,0,854.04,0,854.04,0,Low Demand,✅ Profitable Product
21558,4614.6,1942,269,167,4,4624.8,-10.2,4614.6,2,Hidden Loss,✅ Profitable Product
21559,8699.39,3702,436,233,10,8734.64,-35.25,8699.39,2,Hidden Loss,✅ Profitable Product
21561,2863.68,1225,169,116,2,2868.78,-5.1,2863.68,0,Low Demand,✅ Profitable Product
21562,368.35,319,25,20,0,368.35,0,368.35,0,Low Demand,✅ Profitable Product
21563,2591.02,1358,134,95,0,2591.02,0,2591.02,0,Low Demand,✅ Profitable Product
21564,1678.47,1013,106,63,3,1686.52,-8.05,1678.47,0,Low Demand,✅ Profitable Product
21576,403.67,177,46,40,0,403.67,0,403.67,0,Low Demand,✅ Profitable Product
21577,1219.5,542,118,94,2,1235.25,-15.75,1219.5,0,Low Demand,✅ Profitable Product
21578,1314,584,83,68,1,1318.5,-4.5,1314,0,Low Demand,✅ Profitable Product
21579,324,144,35,31,3,346.5,-22.5,324,0,Low Demand,✅ Profitable Product
21580,202.5,90,24,21,0,202.5,0,202.5,0,Low Demand,✅ Profitable Product
21581,344.25,153,41,33,1,371.25,-27,344.25,0,Low Demand,✅ Profitable Product
21584,1753.25,1065,147,119,1,1754.9,-1.65,1753.25,0,Low Demand,✅ Profitable Product
21586,1658.1,718,68,56,2,1691.25,-33.15,1658.1,0,Low Demand,✅ Profitable Product
21587,480.75,197,26,25,0,480.75,0,480.75,0,Low Demand,✅ Profitable Product
21588,3447.6,1496,133,99,1,3450.15,-2.55,3447.6,0,Low Demand,✅ Profitable Product
21591,1388.89,1133,145,115,2,1456.39,-67.5,1388.89,0,Low Demand,✅ Profitable Product
21592,2150.71,2151,210,156,0,2150.71,0,2150.71,2,Hidden Loss,✅ Profitable Product
21609,2072.15,761,73,59,0,2072.15,0,2072.15,0,Low Demand,✅ Profitable Product
21613,632.75,221,38,37,0,632.75,0,632.75,0,Low Demand,✅ Profitable Product
21614,141.6,48,7,7,0,141.6,0,141.6,0,Low Demand,📉 Low Performance
21615,1195,840,100,86,0,1195,0,1195,0,Low Demand,✅ Profitable Product
21616,1093.75,755,104,84,0,1093.75,0,1093.75,0,Low Demand,✅ Profitable Product
21617,851.75,473,76,62,0,851.75,0,851.75,0,Low Demand,✅ Profitable Product
21618,473.75,303,51,48,0,473.75,0,473.75,0,Low Demand,✅ Profitable Product
21619,1252.5,900,121,99,0,1252.5,0,1252.5,0,Low Demand,✅ Profitable Product
21620,1211.25,811,124,97,0,1211.25,0,1211.25,0,Low Demand,✅ Profitable Product
21621,20724.16,2512,395,267,4,20962.16,-238,20724.16,2,Hidden Loss,✅ Profitable Product
21622,1695.9,346,98,78,6,1785,-89.1,1695.9,0,Low Demand,✅ Profitable Product
21623,22669.33,3251,209,140,4,22709.13,-39.8,22669.33,2,Hidden Loss,✅ Profitable Product
21624,1161.05,199,84,73,2,1190.8,-29.75,1161.05,0,Low Demand,✅ Profitable Product
21625,2140.19,307,113,97,0,2140.19,0,2140.19,0,Low Demand,✅ Profitable Product
21626,1404,720,79,64,5,1446.9,-42.9,1404,0,Low Demand,✅ Profitable Product
21627,568.1,38,24,14,0,568.1,0,568.1,0,Low Demand,✅ Profitable Product
21628,590.5,42,17,14,1,620.4,-29.9,590.5,0,Low Demand,✅ Profitable Product
21629,411.35,53,25,13,0,411.35,0,411.35,0,Low Demand,✅ Profitable Product
21630,452.35,53,23,13,1,461.3,-8.95,452.35,0,Low Demand,✅ Profitable Product
21631,761.85,155,16,15,0,761.85,0,761.85,0,Low Demand,✅ Profitable Product
21632,237,60,5,5,0,237,0,237,0,Low Demand,✅ Profitable Product
21633,515.7,86,15,13,1,528.45,-12.75,515.7,0,Low Demand,✅ Profitable Product
21634,462.6,948,23,22,0,462.6,0,462.6,0,Low Demand,✅ Profitable Product
21635,367.5,270,15,15,0,367.5,0,367.5,0,Low Demand,✅ Profitable Product
21636,703.95,917,71,60,0,703.95,0,703.95,0,Low Demand,✅ Profitable Product
21637,136.25,109,6,6,0,136.25,0,136.25,0,Low Demand,📉 Low Performance
21638,493.5,235,31,25,0,493.5,0,493.5,0,Low Demand,✅ Profitable Product
21640,447.37,541,46,38,0,447.37,0,447.37,0,Low Demand,✅ Profitable Product
21641,367.98,1102,23,19,0,367.98,0,367.98,0,Low Demand,✅ Profitable Product
21642,754.7,2334,96,81,6,801.24,-46.54,754.7,0,Low Demand,✅ Profitable Product
21643,579.26,478,32,27,1,594.26,-15,579.26,0,Low Demand,✅ Profitable Product
21644,237.5,190,34,30,2,268.75,-31.25,237.5,0,Low Demand,✅ Profitable Product
21645,-39.6,-24,1,1,1,0,-39.6,-39.6,0,Low Demand,🚨 Loss Making Product
21647,243.6,116,25,21,1,245.7,-2.1,243.6,0,Low Demand,✅ Profitable Product
21648,788.89,653,32,27,1,790.14,-1.25,788.89,0,Low Demand,✅ Profitable Product
21650,436.33,2173,62,48,1,440.89,-4.56,436.33,0,Low Demand,✅ Profitable Product
21651,201.75,131,10,9,0,201.75,0,201.75,0,Low Demand,✅ Profitable Product
21654,432.54,946,47,40,0,432.54,0,432.54,0,Low Demand,✅ Profitable Product
21655,0,0,5,1,3,60.84,-60.84,0,0,Low Demand,📉 Low Performance
21656,169.65,117,17,15,0,169.65,0,169.65,0,Low Demand,📉 Low Performance
21657,194.6,28,15,11,0,194.6,0,194.6,0,Low Demand,📉 Low Performance
21658,2757.78,742,149,83,23,2874.07,-116.29,2757.78,2,Hidden Loss,⚠️ High Return Risk
21661,17.85,3,3,3,0,17.85,0,17.85,0,Low Demand,📉 Low Performance
21662,416.3,74,16,14,0,416.3,0,416.3,0,Low Demand,✅ Profitable Product
21664,346.47,97,17,15,0,346.47,0,346.47,0,Low Demand,✅ Profitable Product
21666,249.6,384,33,21,0,249.6,0,249.6,0,Low Demand,✅ Profitable Product
21667,0,0,2,1,1,29.9,-29.9,0,0,Low Demand,📉 Low Performance
21668,6121.36,4951,343,170,10,6224.03,-102.67,6121.36,2,Hidden Loss,✅ Profitable Product
21669,6169.24,4889,361,167,10,6284.25,-115.01,6169.24,2,Hidden Loss,✅ Profitable Product
21670,4932.27,3935,296,159,7,5028.52,-96.25,4932.27,2,Hidden Loss,✅ Profitable Product
21671,4827.59,3928,293,166,14,5042.4,-214.81,4827.59,2,Hidden Loss,⚠️ High Return Risk
21672,5540.49,4505,314,159,7,5618.04,-77.55,5540.49,2,Hidden Loss,✅ Profitable Product
21673,4816.55,3891,284,155,8,4960.5,-143.95,4816.55,2,Hidden Loss,✅ Profitable Product
21675,437.61,513,52,45,1,447.81,-10.2,437.61,0,Low Demand,✅ Profitable Product
21676,191.05,211,32,21,0,191.05,0,191.05,0,Low Demand,📉 Low Performance
21677,644.8,754,81,62,1,655,-10.2,644.8,0,Low Demand,✅ Profitable Product
21678,88.4,104,16,16,0,88.4,0,88.4,0,Low Demand,📉 Low Performance
21679,891.22,1054,87,67,0,891.22,0,891.22,0,Low Demand,✅ Profitable Product
21680,683.4,804,53,43,0,683.4,0,683.4,0,Low Demand,✅ Profitable Product
21681,19.9,2,2,2,0,19.9,0,19.9,0,Low Demand,📉 Low Performance
21682,866.31,174,51,42,1,881.16,-14.85,866.31,0,Low Demand,✅ Profitable Product
21683,876.15,297,48,39,0,876.15,0,876.15,0,Low Demand,✅ Profitable Product
21684,575.41,764,36,27,0,575.41,0,575.41,0,Low Demand,✅ Profitable Product
21686,1228.4,32,19,6,1,1268.35,-39.95,1228.4,0,Low Demand,✅ Profitable Product
21688,932.2,316,39,36,0,932.2,0,932.2,0,Low Demand,✅ Profitable Product
21689,345,92,23,22,0,345,0,345,0,Low Demand,✅ Profitable Product
21690,90,24,7,6,0,90,0,90,0,Low Demand,📉 Low Performance
21692,63.75,17,7,7,0,63.75,0,63.75,0,Low Demand,📉 Low Performance
21693,1056.1,358,43,40,0,1056.1,0,1056.1,0,Low Demand,✅ Profitable Product
21694,817.05,303,20,18,0,817.05,0,817.05,0,Low Demand,✅ Profitable Product
21695,834.85,283,35,35,0,834.85,0,834.85,0,Low Demand,✅ Profitable Product
21696,631.3,214,30,27,1,666.7,-35.4,631.3,0,Low Demand,✅ Profitable Product
21698,116.62,266,22,22,0,116.62,0,116.62,0,Low Demand,📉 Low Performance
21700,1045.5,1230,86,58,1,1076.1,-30.6,1045.5,0,Low Demand,✅ Profitable Product
21703,3395.23,9186,248,175,5,3431.35,-36.12,3395.23,2,Hidden Loss,✅ Profitable Product
21704,3852.52,4999,200,137,3,3856.38,-3.86,3852.52,2,Hidden Loss,✅ Profitable Product
21705,1267.61,1357,113,89,3,1299.21,-31.6,1267.61,0,Low Demand,✅ Profitable Product
21706,1134.58,229,68,53,0,1134.58,0,1134.58,0,Low Demand,✅ Profitable Product
21707,601.22,120,47,44,0,601.22,0,601.22,0,Low Demand,✅ Profitable Product
21708,677.5,138,33,28,1,682.45,-4.95,677.5,0,Low Demand,✅ Profitable Product
21709,430.06,87,31,30,0,430.06,0,430.06,0,Low Demand,✅ Profitable Product
21710,412.41,84,31,29,0,412.41,0,412.41,0,Low Demand,✅ Profitable Product
21711,420.1,86,23,22,0,420.1,0,420.1,0,Low Demand,✅ Profitable Product
21713,1415.75,685,130,103,5,1448.1,-32.35,1415.75,0,Low Demand,✅ Profitable Product
21714,1331.25,1065,131,106,5,1356.25,-25,1331.25,0,Low Demand,✅ Profitable Product
21715,2736.75,1141,138,116,0,2736.75,0,2736.75,0,Low Demand,✅ Profitable Product
21716,2901.32,1198,138,112,1,2921.72,-20.4,2901.32,0,Low Demand,✅ Profitable Product
21717,931.95,405,38,34,0,931.95,0,931.95,0,Low Demand,✅ Profitable Product
21718,1612.42,1288,144,106,1,1613.67,-1.25,1612.42,0,Low Demand,✅ Profitable Product
21719,255.85,301,34,29,0,255.85,0,255.85,0,Low Demand,✅ Profitable Product
21720,48.45,57,8,8,0,48.45,0,48.45,0,Low Demand,📉 Low Performance
21721,148.75,175,20,19,0,148.75,0,148.75,0,Low Demand,📉 Low Performance
21722,54.4,64,16,14,1,55.25,-0.85,54.4,0,Low Demand,📉 Low Performance
21723,315.35,371,38,29,0,315.35,0,315.35,0,Low Demand,✅ Profitable Product
21724,316.2,372,57,43,0,316.2,0,316.2,0,Low Demand,✅ Profitable Product
21725,232.9,274,32,26,0,232.9,0,232.9,0,Low Demand,✅ Profitable Product
21726,196.35,231,36,29,0,196.35,0,196.35,0,Low Demand,📉 Low Performance
21730,2255.54,484,127,80,9,2324.14,-68.6,2255.54,0,Low Demand,✅ Profitable Product
21731,19583.41,12697,533,266,11,19844.91,-261.5,19583.41,1,Stable,✅ Profitable Product
21733,22471.74,7702,692,385,13,22624.69,-152.95,22471.74,1,Stable,✅ Profitable Product
21735,2169,177,95,61,13,2551.95,-382.95,2169,0,Low Demand,⚠️ High Return Risk
21736,136.05,77,6,5,1,137.22,-1.17,136.05,0,Low Demand,📉 Low Performance
21738,132.75,45,18,17,0,132.75,0,132.75,0,Low Demand,📉 Low Performance
21739,417.44,143,48,38,0,417.44,0,417.44,0,Low Demand,✅ Profitable Product
21741,386.45,131,28,27,0,386.45,0,386.45,0,Low Demand,✅ Profitable Product
21742,1148.35,193,89,75,0,1148.35,0,1148.35,0,Low Demand,✅ Profitable Product
21743,727.1,266,33,29,2,753.65,-26.55,727.1,0,Low Demand,✅ Profitable Product
21744,1128.09,367,80,66,0,1128.09,0,1128.09,0,Low Demand,✅ Profitable Product
21745,3397.19,925,206,115,1,3412.19,-15,3397.19,2,Hidden Loss,✅ Profitable Product
21746,3502.95,2959,188,122,3,3521.7,-18.75,3502.95,2,Hidden Loss,✅ Profitable Product
21747,512.53,425,43,31,1,527.53,-15,512.53,0,Low Demand,✅ Profitable Product
21749,3628.2,1892,110,80,3,3645,-16.8,3628.2,0,Low Demand,✅ Profitable Product
21750,163.8,78,16,15,0,163.8,0,163.8,0,Low Demand,📉 Low Performance
21754,15565.91,2643,700,360,9,15630.96,-65.05,15565.91,1,Stable,✅ Profitable Product
21755,11511.76,1942,557,337,2,11535.56,-23.8,11511.76,2,Hidden Loss,✅ Profitable Product
21756,4715.93,790,243,168,1,4727.83,-11.9,4715.93,2,Hidden Loss,✅ Profitable Product
21757,29.7,6,3,3,0,29.7,0,29.7,0,Low Demand,📉 Low Performance
21758,202.4,32,14,13,0,202.4,0,202.4,0,Low Demand,✅ Profitable Product
21761,299.5,10,10,10,0,299.5,0,299.5,0,Low Demand,✅ Profitable Product
21763,169.75,6,4,4,0,169.75,0,169.75,0,Low Demand,📉 Low Performance
21769,607.65,11,2,2,0,607.65,0,607.65,0,Low Demand,✅ Profitable Product
21770,7281.66,1571,342,263,1,7311.36,-29.7,7281.66,2,Hidden Loss,✅ Profitable Product
21773,693.52,920,59,50,0,693.52,0,693.52,0,Low Demand,✅ Profitable Product
21774,645.78,834,53,39,1,647.03,-1.25,645.78,0,Low Demand,✅ Profitable Product
21775,310.16,280,42,34,1,313.91,-3.75,310.16,0,Low Demand,✅ Profitable Product
21777,15.9,2,5,5,2,55.65,-39.75,15.9,0,Low Demand,📉 Low Performance
21781,1729.35,117,89,52,8,2012.5,-283.15,1729.35,0,Low Demand,✅ Profitable Product
21784,487.55,49,39,21,1,507.45,-19.9,487.55,0,Low Demand,✅ Profitable Product
21785,267.95,411,4,3,0,267.95,0,267.95,0,Low Demand,✅ Profitable Product
21786,621.91,1567,89,55,1,631.15,-9.24,621.91,0,Low Demand,✅ Profitable Product
21787,6544.63,8227,183,115,3,6964.63,-420,6544.63,2,Hidden Loss,✅ Profitable Product
21788,918.43,1181,69,61,3,936.93,-18.5,918.43,0,Low Demand,✅ Profitable Product
21789,658.13,779,69,55,2,675.13,-17,658.13,0,Low Demand,✅ Profitable Product
21790,10375.17,13251,725,449,4,10447.42,-72.25,10375.17,1,Stable,✅ Profitable Product
21791,8486.41,7107,488,342,3,8531.41,-45,8486.41,2,Hidden Loss,✅ Profitable Product
21792,1384.7,330,71,58,1,1388.65,-3.95,1384.7,0,Low Demand,✅ Profitable Product
21793,1240.44,296,66,57,0,1240.44,0,1240.44,0,Low Demand,✅ Profitable Product
21794,2052.62,498,95,79,2,2064.47,-11.85,2052.62,0,Low Demand,✅ Profitable Product
21801,176.82,421,23,22,1,191.94,-15.12,176.82,0,Low Demand,📉 Low Performance
21802,419.58,999,47,45,1,420,-0.42,419.58,0,Low Demand,✅ Profitable Product
21803,477.96,1138,49,46,0,477.96,0,477.96,0,Low Demand,✅ Profitable Product
21804,656.7,178,40,37,0,656.7,0,656.7,0,Low Demand,✅ Profitable Product
21807,174.3,415,25,24,0,174.3,0,174.3,0,Low Demand,📉 Low Performance
21808,370,100,21,21,0,370,0,370,0,Low Demand,✅ Profitable Product
21809,995.3,1859,85,72,0,995.3,0,995.3,0,Low Demand,✅ Profitable Product
21810,2369.32,5246,175,129,2,2443.07,-73.75,2369.32,2,Hidden Loss,✅ Profitable Product
21811,2162.86,4284,156,119,1,2181.58,-18.72,2162.86,2,Hidden Loss,✅ Profitable Product
21812,967.8,204,45,36,3,1037.1,-69.3,967.8,0,Low Demand,✅ Profitable Product
21813,1152.45,243,42,38,2,1187.1,-34.65,1152.45,0,Low Demand,✅ Profitable Product
21814,108.75,75,12,11,0,108.75,0,108.75,0,Low Demand,📉 Low Performance
21815,191.4,132,18,15,0,191.4,0,191.4,0,Low Demand,📉 Low Performance
21816,49.3,34,7,6,0,49.3,0,49.3,0,Low Demand,📉 Low Performance
21817,408.86,908,54,48,0,408.86,0,408.86,0,Low Demand,✅ Profitable Product
21818,1281.13,2699,147,117,0,1281.13,0,1281.13,0,Low Demand,✅ Profitable Product
21819,1054.63,2465,118,95,0,1054.63,0,1054.63,0,Low Demand,✅ Profitable Product
21820,967.34,261,61,49,3,1079.84,-112.5,967.34,0,Low Demand,✅ Profitable Product
21821,780.45,211,41,35,1,825.45,-45,780.45,0,Low Demand,✅ Profitable Product
21822,563.1,612,60,46,2,567.79,-4.69,563.1,0,Low Demand,✅ Profitable Product
21823,687.98,1196,69,61,0,687.98,0,687.98,0,Low Demand,✅ Profitable Product
21824,663.2,1426,74,63,1,698,-34.8,663.2,0,Low Demand,✅ Profitable Product
21826,116.25,93,18,16,0,116.25,0,116.25,0,Low Demand,📉 Low Performance
21827,7.5,6,3,3,0,7.5,0,7.5,0,Low Demand,📉 Low Performance
21828,392.5,314,68,53,0,392.5,0,392.5,0,Low Demand,✅ Profitable Product
21829,1310.25,6354,132,104,1,1332.93,-22.68,1310.25,2,Hidden Loss,✅ Profitable Product
21830,1073.47,2551,90,63,2,1093.63,-20.16,1073.47,0,Low Demand,✅ Profitable Product
21832,1306.73,785,115,83,0,1306.73,0,1306.73,0,Low Demand,✅ Profitable Product
21833,4227.42,2598,123,87,3,4278.12,-50.7,4227.42,0,Low Demand,✅ Profitable Product
21836,11.25,3,2,2,0,11.25,0,11.25,0,Low Demand,📉 Low Performance
21839,5.45,1,1,1,0,5.45,0,5.45,0,Low Demand,📉 Low Performance
21841,310.25,73,20,19,0,310.25,0,310.25,0,Low Demand,✅ Profitable Product
21843,15460.2,1488,462,262,41,17929.75,-2469.55,15460.2,1,Stable,✅ Profitable Product
21844,4913.5,1794,145,100,11,4972.1,-58.6,4913.5,2,Hidden Loss,⚠️ High Return Risk
21845,1645.45,1855,90,64,8,1721.09,-75.64,1645.45,0,Low Demand,✅ Profitable Product
21846,306.22,60,25,12,1,365.62,-59.4,306.22,0,Low Demand,✅ Profitable Product
21847,44.55,9,5,5,0,44.55,0,44.55,0,Low Demand,📉 Low Performance
21849,260.74,52,22,16,0,260.74,0,260.74,0,Low Demand,✅ Profitable Product
21850,123.75,25,22,12,1,276.75,-153,123.75,0,Low Demand,📉 Low Performance
21851,138.72,26,15,12,0,138.72,0,138.72,0,Low Demand,📉 Low Performance
21864,1150.44,590,97,65,1,1192.44,-42,1150.44,0,Low Demand,✅ Profitable Product
21865,463.38,223,68,52,0,463.38,0,463.38,0,Low Demand,✅ Profitable Product
21866,670.46,537,106,79,0,670.46,0,670.46,0,Low Demand,✅ Profitable Product
21867,336.27,266,75,56,0,336.27,0,336.27,0,Low Demand,✅ Profitable Product
21868,2827.57,2261,242,153,10,2926.98,-99.41,2827.57,2,Hidden Loss,✅ Profitable Product
21870,1636.39,1331,140,97,3,1668.89,-32.5,1636.39,0,Low Demand,✅ Profitable Product
21871,5430.64,4592,281,135,11,6151.78,-721.14,5430.64,2,Hidden Loss,✅ Profitable Product
21872,1353.01,1253,121,82,2,1370.73,-17.72,1353.01,0,Low Demand,✅ Profitable Product
21873,1652.27,1495,92,62,4,1752.34,-100.07,1652.27,0,Low Demand,✅ Profitable Product
21874,3696.65,2830,201,112,7,3724.36,-27.71,3696.65,2,Hidden Loss,✅ Profitable Product
21875,2214.56,1972,116,85,5,2249.56,-35,2214.56,0,Low Demand,✅ Profitable Product
21876,3999.86,3506,205,141,9,4058.76,-58.9,3999.86,2,Hidden Loss,✅ Profitable Product
21877,5573.79,4295,308,175,15,6708.11,-1134.32,5573.79,2,Hidden Loss,✅ Profitable Product
21878,1962.7,2384,154,121,2,1973.75,-11.05,1962.7,0,Low Demand,✅ Profitable Product
21879,303.23,1027,57,52,0,303.23,0,303.23,0,Low Demand,✅ Profitable Product
21880,661.14,1446,100,84,1,668.94,-7.8,661.14,0,Low Demand,✅ Profitable Product
21881,315.55,975,45,37,0,315.55,0,315.55,0,Low Demand,✅ Profitable Product
21882,191.28,600,38,35,0,191.28,0,191.28,0,Low Demand,📉 Low Performance
21883,580.87,1367,94,82,1,581.06,-0.19,580.87,0,Low Demand,✅ Profitable Product
21884,318.81,1017,44,43,0,318.81,0,318.81,0,Low Demand,✅ Profitable Product
21888,5699.46,1546,283,211,3,5725.71,-26.25,5699.46,2,Hidden Loss,✅ Profitable Product
21889,7183.45,5752,451,336,2,7215.95,-32.5,7183.45,2,Hidden Loss,✅ Profitable Product
21890,3250.01,1071,177,143,4,3262.51,-12.5,3250.01,2,Hidden Loss,✅ Profitable Product
21891,9963.9,7876,345,265,5,10019.47,-55.57,9963.9,2,Hidden Loss,✅ Profitable Product
21892,3640.5,2901,297,235,2,3656.75,-16.25,3640.5,2,Hidden Loss,✅ Profitable Product
21894,610.73,476,71,57,0,610.73,0,610.73,0,Low Demand,✅ Profitable Product
21895,4.25,1,1,1,0,4.25,0,4.25,0,Low Demand,📉 Low Performance
21896,2148.75,944,92,80,3,2158.5,-9.75,2148.75,0,Low Demand,✅ Profitable Product
21897,1250.82,402,2,1,0,1250.82,0,1250.82,0,Low Demand,✅ Profitable Product
21898,1423.03,445,7,6,0,1423.03,0,1423.03,0,Low Demand,✅ Profitable Product
21899,1605.12,2562,222,149,4,1633.07,-27.95,1605.12,2,Hidden Loss,✅ Profitable Product
21900,1959.78,3082,267,167,2,1963.03,-3.25,1959.78,2,Hidden Loss,✅ Profitable Product
21901,1137.01,1737,235,143,1,1142.86,-5.85,1137.01,2,Hidden Loss,✅ Profitable Product
21902,1171.53,1907,162,114,1,1176.73,-5.2,1171.53,0,Low Demand,✅ Profitable Product
21903,2333.28,1116,155,113,2,2360.58,-27.3,2333.28,0,Low Demand,✅ Profitable Product
21904,107.1,51,23,21,0,107.1,0,107.1,0,Low Demand,📉 Low Performance
21905,707.41,685,110,84,0,707.41,0,707.41,0,Low Demand,✅ Profitable Product
21906,3106.06,466,100,71,6,3220.81,-114.75,3106.06,0,Low Demand,✅ Profitable Product
21907,4734.25,2281,331,208,2,4761.55,-27.3,4734.25,2,Hidden Loss,✅ Profitable Product
21908,7153.92,3609,377,220,3,7208.52,-54.6,7153.92,2,Hidden Loss,✅ Profitable Product
21910,59.4,36,8,8,0,59.4,0,59.4,0,Low Demand,📉 Low Performance
21911,153.45,93,21,18,1,173.25,-19.8,153.45,0,Low Demand,📉 Low Performance
21912,5523.53,1575,268,201,0,5523.53,0,5523.53,2,Hidden Loss,✅ Profitable Product
21913,1131.28,302,91,72,2,1142.53,-11.25,1131.28,0,Low Demand,✅ Profitable Product
21914,9177.63,7398,519,307,2,9222.63,-45,9177.63,2,Hidden Loss,✅ Profitable Product
21915,23715.18,20912,569,350,8,23793.93,-78.75,23715.18,1,Stable,✅ Profitable Product
21916,1761.46,4339,249,156,1,1771.54,-10.08,1761.46,2,Hidden Loss,✅ Profitable Product
21917,1647.78,4082,188,132,2,1653.24,-5.46,1647.78,2,Hidden Loss,✅ Profitable Product
21918,2807.98,6997,285,193,3,2814.7,-6.72,2807.98,2,Hidden Loss,✅ Profitable Product
21922,5682.09,759,167,113,0,5682.09,0,5682.09,2,Hidden Loss,✅ Profitable Product
21925,496.25,397,69,38,4,503.75,-7.5,496.25,0,Low Demand,✅ Profitable Product
21926,492.4,400,62,35,2,509.9,-17.5,492.4,0,Low Demand,✅ Profitable Product
21927,721.15,583,106,42,8,769.9,-48.75,721.15,0,Low Demand,✅ Profitable Product
21928,17579.09,9436,552,264,10,18063.62,-484.53,17579.09,1,Stable,✅ Profitable Product
21929,18042.91,9667,614,308,12,18429.98,-387.07,18042.91,1,Stable,✅ Profitable Product
21930,10884.55,5703,474,220,3,10890.79,-6.24,10884.55,2,Hidden Loss,✅ Profitable Product
21931,21188.62,11182,791,334,17,21790.95,-602.33,21188.62,1,Stable,✅ Profitable Product
21932,4308.31,2434,322,218,3,4363.66,-55.35,4308.31,2,Hidden Loss,✅ Profitable Product
21933,4290.91,2407,286,198,3,4295.86,-4.95,4290.91,2,Hidden Loss,✅ Profitable Product
21934,2064.7,1278,144,85,1,2081.2,-16.5,2064.7,0,Low Demand,✅ Profitable Product
21935,2822.72,1762,205,121,1,2824.37,-1.65,2822.72,2,Hidden Loss,✅ Profitable Product
21936,10214.56,3702,397,223,12,10371.66,-157.1,10214.56,2,Hidden Loss,✅ Profitable Product
21937,4386.25,1575,212,146,6,4433.45,-47.2,4386.25,2,Hidden Loss,✅ Profitable Product
21942,124.35,149,24,14,1,134.55,-10.2,124.35,0,Low Demand,📉 Low Performance
21943,48.45,57,10,7,0,48.45,0,48.45,0,Low Demand,📉 Low Performance
21944,177.88,232,33,24,0,177.88,0,177.88,0,Low Demand,📉 Low Performance
21945,190.79,225,29,27,0,190.79,0,190.79,0,Low Demand,📉 Low Performance
21946,58.9,72,11,8,0,58.9,0,58.9,0,Low Demand,📉 Low Performance
21947,743.98,596,82,62,0,743.98,0,743.98,0,Low Demand,✅ Profitable Product
21948,543.07,418,54,37,0,543.07,0,543.07,0,Low Demand,✅ Profitable Product
21949,725.49,613,59,46,0,725.49,0,725.49,0,Low Demand,✅ Profitable Product
21955,6635.61,1159,155,108,0,6635.61,0,6635.61,2,Hidden Loss,✅ Profitable Product
21967,1506.24,5166,173,129,0,1506.24,0,1506.24,2,Hidden Loss,✅ Profitable Product
21972,420.5,290,41,37,2,423.4,-2.9,420.5,0,Low Demand,✅ Profitable Product
21973,229.1,158,31,26,1,230.55,-1.45,229.1,0,Low Demand,✅ Profitable Product
21974,2854.06,1975,235,177,6,2942.51,-88.45,2854.06,2,Hidden Loss,✅ Profitable Product
21975,5898.62,12063,532,289,3,5934.68,-36.06,5898.62,2,Hidden Loss,✅ Profitable Product
21976,2497.18,4938,278,182,2,2513.13,-15.95,2497.18,2,Hidden Loss,✅ Profitable Product
21977,11574.15,24163,675,411,6,11629.7,-55.55,11574.15,1,Stable,✅ Profitable Product
21980,1975.47,6427,252,193,2,2003.31,-27.84,1975.47,2,Hidden Loss,✅ Profitable Product
21981,1510.2,5288,191,143,1,1512.93,-2.73,1510.2,2,Hidden Loss,✅ Profitable Product
21982,2083.19,7345,260,182,1,2083.58,-0.39,2083.19,2,Hidden Loss,✅ Profitable Product
21983,705.77,2199,125,99,1,712.73,-6.96,705.77,0,Low Demand,✅ Profitable Product
21984,996.99,3285,158,124,1,1003.95,-6.96,996.99,0,Low Demand,✅ Profitable Product
21985,2550.29,8569,354,262,0,2550.29,0,2550.29,2,Hidden Loss,✅ Profitable Product
21986,1129.79,3985,155,118,0,1129.79,0,1129.79,0,Low Demand,✅ Profitable Product
21987,1246.29,2037,149,106,2,1254.74,-8.45,1246.29,0,Low Demand,✅ Profitable Product
21988,1663.3,2194,147,101,0,1663.3,0,1663.3,0,Low Demand,✅ Profitable Product
21989,1675.24,2068,205,130,0,1675.24,0,1675.24,2,Hidden Loss,✅ Profitable Product
21990,1730.05,1207,178,128,1,1745.05,-15,1730.05,0,Low Demand,✅ Profitable Product
21991,660.53,459,103,80,1,675.53,-15,660.53,0,Low Demand,✅ Profitable Product
21992,1658.69,1163,199,160,0,1658.69,0,1658.69,2,Hidden Loss,✅ Profitable Product
21993,1919.85,1354,206,151,1,1934.85,-15,1919.85,2,Hidden Loss,✅ Profitable Product
22021,577.5,350,64,60,0,577.5,0,577.5,0,Low Demand,✅ Profitable Product
22023,476.25,1131,85,71,1,481.29,-5.04,476.25,0,Low Demand,✅ Profitable Product
22024,923.95,2292,130,90,1,928.99,-5.04,923.95,0,Low Demand,✅ Profitable Product
22025,702,1764,88,73,1,707.04,-5.04,702,0,Low Demand,✅ Profitable Product
22026,642.24,1560,101,71,1,647.28,-5.04,642.24,0,Low Demand,✅ Profitable Product
22027,1640.87,3997,265,180,3,1702.79,-61.92,1640.87,2,Hidden Loss,✅ Profitable Product
22028,1198.45,2903,186,124,1,1203.49,-5.04,1198.45,2,Hidden Loss,✅ Profitable Product
22029,3125.18,7846,395,234,1,3130.22,-5.04,3125.18,2,Hidden Loss,✅ Profitable Product
22030,2130.63,5361,242,179,0,2130.63,0,2130.63,2,Hidden Loss,✅ Profitable Product
22031,153.57,351,33,28,1,158.61,-5.04,153.57,0,Low Demand,📉 Low Performance
22032,151.62,361,31,28,0,151.62,0,151.62,0,Low Demand,📉 Low Performance
22033,141.12,336,21,20,0,141.12,0,141.12,0,Low Demand,📉 Low Performance
22034,-3.78,-9,2,2,1,1.26,-5.04,-3.78,0,Low Demand,🚨 Loss Making Product
22035,574.06,1406,87,65,0,574.06,0,574.06,0,Low Demand,✅ Profitable Product
22037,1573.12,3795,257,173,0,1573.12,0,1573.12,2,Hidden Loss,✅ Profitable Product
22038,199.5,475,19,19,0,199.5,0,199.5,0,Low Demand,📉 Low Performance
22039,94.5,225,8,6,1,105,-10.5,94.5,0,Low Demand,📉 Low Performance
22040,304.5,725,28,27,0,304.5,0,304.5,0,Low Demand,✅ Profitable Product
22041,8357.07,3774,200,73,4,8450.82,-93.75,8357.07,2,Hidden Loss,✅ Profitable Product
22042,151.2,360,26,24,1,156.24,-5.04,151.2,0,Low Demand,📉 Low Performance
22043,283.32,1188,43,40,0,283.32,0,283.32,0,Low Demand,✅ Profitable Product
22044,196.44,816,36,35,0,196.44,0,196.44,0,Low Demand,📉 Low Performance
22045,2641.84,6452,208,148,2,2662.84,-21,2641.84,2,Hidden Loss,✅ Profitable Product
22046,914.72,2216,77,62,2,929,-14.28,914.72,0,Low Demand,✅ Profitable Product
22047,1373.5,3375,106,93,1,1384,-10.5,1373.5,0,Low Demand,✅ Profitable Product
22048,383,950,33,32,1,393.5,-10.5,383,0,Low Demand,✅ Profitable Product
22049,264.75,1000,32,27,1,275.25,-10.5,264.75,0,Low Demand,✅ Profitable Product
22050,488,1200,41,37,1,498.5,-10.5,488,0,Low Demand,✅ Profitable Product
22051,420,1000,39,36,0,420,0,420,0,Low Demand,✅ Profitable Product
22052,229.32,546,24,22,1,239.82,-10.5,229.32,0,Low Demand,✅ Profitable Product
22053,3596.42,4236,26,23,0,3596.42,0,3596.42,0,Low Demand,✅ Profitable Product
22055,1627.33,1225,149,103,7,1665.08,-37.75,1627.33,0,Low Demand,✅ Profitable Product
22057,576.66,530,60,46,4,648.18,-71.52,576.66,0,Low Demand,✅ Profitable Product
22059,1937.41,1725,150,85,8,1973.17,-35.76,1937.41,0,Low Demand,✅ Profitable Product
22060,1031.75,217,40,32,6,1118.95,-87.2,1031.75,0,Low Demand,✅ Profitable Product
22061,3715.58,549,144,87,15,3864.63,-149.05,3715.58,2,Hidden Loss,⚠️ High Return Risk
22062,598.91,553,53,43,1,603.89,-4.98,598.91,0,Low Demand,✅ Profitable Product
22063,1109.5,538,86,56,5,1127.2,-17.7,1109.5,0,Low Demand,✅ Profitable Product
22064,2085,1572,178,87,15,2142.6,-57.6,2085,2,Hidden Loss,⚠️ High Return Risk
22065,2870,6418,172,132,8,2892.02,-22.02,2870,2,Hidden Loss,✅ Profitable Product
22066,1033.43,2243,133,100,2,1035.38,-1.95,1033.43,0,Low Demand,✅ Profitable Product
22067,560.03,383,51,33,3,569.13,-9.1,560.03,0,Low Demand,✅ Profitable Product
22068,487.92,424,83,57,2,509.37,-21.45,487.92,0,Low Demand,✅ Profitable Product
22069,240.78,220,37,26,0,240.78,0,240.78,0,Low Demand,✅ Profitable Product
22070,1697.89,578,89,64,5,2034.43,-336.54,1697.89,0,Low Demand,✅ Profitable Product
22071,1118.29,425,77,65,5,1298.79,-180.5,1118.29,0,Low Demand,✅ Profitable Product
22072,2467.94,794,148,91,9,2539.19,-71.25,2467.94,0,Low Demand,✅ Profitable Product
22073,1029.6,288,47,38,2,1074.6,-45,1029.6,0,Low Demand,✅ Profitable Product
22074,754.79,989,76,61,1,774.59,-19.8,754.79,0,Low Demand,✅ Profitable Product
22075,1999.43,1553,121,96,1,2019.23,-19.8,1999.43,0,Low Demand,✅ Profitable Product
22076,1304.37,1035,113,96,0,1304.37,0,1304.37,0,Low Demand,✅ Profitable Product
22077,14932.49,8571,732,413,6,14988.59,-56.1,14932.49,1,Stable,✅ Profitable Product
22078,2610,1300,143,105,0,2610,0,2610,0,Low Demand,✅ Profitable Product
22079,2782.49,1685,228,190,3,2831.99,-49.5,2782.49,2,Hidden Loss,✅ Profitable Product
22080,1885.8,1172,127,116,1,1902.3,-16.5,1885.8,0,Low Demand,✅ Profitable Product
22081,978.37,585,90,74,1,994.87,-16.5,978.37,0,Low Demand,✅ Profitable Product
22082,4175.78,2538,336,250,2,4208.78,-33,4175.78,2,Hidden Loss,✅ Profitable Product
22083,11904.56,4260,448,295,4,12043.21,-138.65,11904.56,2,Hidden Loss,✅ Profitable Product
22084,13314.2,4852,376,278,2,13435.15,-120.95,13314.2,2,Hidden Loss,✅ Profitable Product
22085,1415.65,507,73,62,0,1415.65,0,1415.65,0,Low Demand,✅ Profitable Product
22086,41500.48,15164,990,615,10,42660.83,-1160.35,41500.48,1,Stable,✅ Profitable Product
22087,10040.25,3703,265,155,8,10264.05,-223.8,10040.25,2,Hidden Loss,✅ Profitable Product
22088,4533.9,1642,172,115,3,4683.1,-149.2,4533.9,2,Hidden Loss,✅ Profitable Product
22089,3398.5,1190,180,142,0,3398.5,0,3398.5,2,Hidden Loss,✅ Profitable Product
22090,18595.49,6807,574,325,7,18791.89,-196.4,18595.49,1,Stable,✅ Profitable Product
22091,914.04,1938,131,97,1,922.79,-8.75,914.04,0,Low Demand,✅ Profitable Product
22092,312.34,668,88,75,0,312.34,0,312.34,0,Low Demand,✅ Profitable Product
22093,791.76,1816,154,115,1,806.76,-15,791.76,0,Low Demand,✅ Profitable Product
22094,893.27,2022,150,119,5,933.24,-39.97,893.27,0,Low Demand,✅ Profitable Product
22095,1420.98,1569,104,72,2,1432.04,-11.06,1420.98,0,Low Demand,✅ Profitable Product
22096,562.14,1358,110,89,1,564.48,-2.34,562.14,0,Low Demand,✅ Profitable Product
22097,688.83,1581,133,103,1,692.73,-3.9,688.83,0,Low Demand,✅ Profitable Product
22098,881.61,1882,149,98,6,911.72,-30.11,881.61,0,Low Demand,✅ Profitable Product
22099,696.38,1396,123,96,1,707.63,-11.25,696.38,0,Low Demand,✅ Profitable Product
22100,305.81,729,38,34,0,305.81,0,305.81,0,Low Demand,✅ Profitable Product
22101,505.26,513,25,21,1,631.62,-126.36,505.26,0,Low Demand,✅ Profitable Product
22102,434.25,813,19,13,1,715.05,-280.8,434.25,0,Low Demand,✅ Profitable Product
22103,512.43,683,18,13,3,714.09,-201.66,512.43,0,Low Demand,✅ Profitable Product
22104,120.07,151,12,9,0,120.07,0,120.07,0,Low Demand,📉 Low Performance
22105,338.5,266,11,9,1,566.5,-228,338.5,0,Low Demand,✅ Profitable Product
22106,428.15,165,14,9,2,584.9,-156.75,428.15,0,Low Demand,✅ Profitable Product
22107,891.23,272,73,46,4,967.48,-76.25,891.23,0,Low Demand,✅ Profitable Product
22108,246.53,101,28,16,0,246.53,0,246.53,0,Low Demand,✅ Profitable Product
22109,4878.66,1350,163,101,5,4993.05,-114.39,4878.66,2,Hidden Loss,✅ Profitable Product
22110,1559.51,616,155,116,1,1564.61,-5.1,1559.51,0,Low Demand,✅ Profitable Product
22111,19559.9,4130,663,427,7,20104.35,-544.45,19559.9,1,Stable,✅ Profitable Product
22112,23279.36,5080,707,383,7,23624.24,-344.88,23279.36,1,Stable,✅ Profitable Product
22113,12086.9,3129,515,339,4,12191.15,-104.25,12086.9,2,Hidden Loss,✅ Profitable Product
22114,15285.12,3702,518,325,4,15415.22,-130.1,15285.12,2,Hidden Loss,✅ Profitable Product
22115,1706.81,1495,183,152,0,1706.81,0,1706.81,2,Hidden Loss,✅ Profitable Product
22116,483.19,493,91,65,1,493.39,-10.2,483.19,0,Low Demand,✅ Profitable Product
22117,3802.5,1290,72,58,0,3802.5,0,3802.5,0,Low Demand,✅ Profitable Product
22118,748.83,219,78,67,0,748.83,0,748.83,0,Low Demand,✅ Profitable Product
22119,1724.41,347,104,82,1,1731.36,-6.95,1724.41,0,Low Demand,✅ Profitable Product
22120,4737.12,493,169,121,2,4856.52,-119.4,4737.12,2,Hidden Loss,✅ Profitable Product
22121,1924.94,332,115,94,1,1930.89,-5.95,1924.94,0,Low Demand,✅ Profitable Product
22123,794.39,443,72,59,0,794.39,0,794.39,0,Low Demand,✅ Profitable Product
22124,130.37,79,23,14,0,130.37,0,130.37,0,Low Demand,📉 Low Performance
22125,23.8,4,1,1,0,23.8,0,23.8,0,Low Demand,📉 Low Performance
22127,479.7,402,20,20,0,479.7,0,479.7,0,Low Demand,✅ Profitable Product
22128,1972.69,1673,75,62,3,2042.69,-70,1972.69,0,Low Demand,✅ Profitable Product
22129,790.56,992,36,33,0,790.56,0,790.56,0,Low Demand,✅ Profitable Product
22130,1156,1360,90,80,2,1260.53,-104.53,1156,0,Low Demand,✅ Profitable Product
22131,3368.47,1889,181,115,1,3370.42,-1.95,3368.47,2,Hidden Loss,✅ Profitable Product
22132,762.71,923,84,60,1,772.91,-10.2,762.71,0,Low Demand,✅ Profitable Product
22133,585.78,702,60,41,0,585.78,0,585.78,0,Low Demand,✅ Profitable Product
22134,255.18,637,55,29,0,255.18,0,255.18,0,Low Demand,✅ Profitable Product
22135,114.96,262,48,22,0,114.96,0,114.96,0,Low Demand,📉 Low Performance
22136,530.45,333,51,37,1,531.9,-1.45,530.45,0,Low Demand,✅ Profitable Product
22137,191,68,11,9,0,191,0,191,0,Low Demand,📉 Low Performance
22138,22696.45,4729,881,585,27,23007.55,-311.1,22696.45,1,Stable,✅ Profitable Product
22139,20275.48,4206,839,489,16,20470.78,-195.3,20275.48,1,Stable,✅ Profitable Product
22141,5008.78,2440,351,256,3,5025.58,-16.8,5008.78,2,Hidden Loss,✅ Profitable Product
22142,4323.34,3062,323,259,2,4339.29,-15.95,4323.34,2,Hidden Loss,✅ Profitable Product
22144,7035.7,3424,424,319,3,7128.1,-92.4,7035.7,2,Hidden Loss,✅ Profitable Product
22145,63,30,1,1,0,63,0,63,0,Low Demand,📉 Low Performance
22146,1.95,1,1,1,0,1.95,0,1.95,0,Low Demand,📉 Low Performance
22147,7210.9,5250,444,287,8,8314.55,-1103.65,7210.9,2,Hidden Loss,✅ Profitable Product
22148,3337.8,1804,161,148,2,3367.05,-29.25,3337.8,2,Hidden Loss,✅ Profitable Product
22149,10408.09,5267,470,337,9,11566.39,-1158.3,10408.09,2,Hidden Loss,✅ Profitable Product
22150,5456.6,2912,406,288,4,5478.05,-21.45,5456.6,2,Hidden Loss,✅ Profitable Product
22151,5600.31,13987,294,175,5,5922.27,-321.96,5600.31,2,Hidden Loss,✅ Profitable Product
22152,965.87,2347,95,70,2,967.55,-1.68,965.87,0,Low Demand,✅ Profitable Product
22153,983.22,2389,89,62,3,1012.62,-29.4,983.22,0,Low Demand,✅ Profitable Product
22154,1454.58,3525,114,87,3,1457.52,-2.94,1454.58,0,Low Demand,✅ Profitable Product
22155,905.1,2155,86,67,1,925.26,-20.16,905.1,0,Low Demand,✅ Profitable Product
22156,1499.95,1770,165,106,13,1588.16,-88.21,1499.95,2,Hidden Loss,⚠️ High Return Risk
22157,180.2,212,11,11,0,180.2,0,180.2,0,Low Demand,📉 Low Performance
22158,8089.46,2870,269,201,8,8161.21,-71.75,8089.46,2,Hidden Loss,✅ Profitable Product
22161,852.77,4119,154,118,1,857.33,-4.56,852.77,0,Low Demand,✅ Profitable Product
22162,280.25,95,29,21,2,312.7,-32.45,280.25,0,Low Demand,✅ Profitable Product
22163,561.19,601,51,41,2,580.94,-19.75,561.19,0,Low Demand,✅ Profitable Product
22164,209.45,71,12,11,0,209.45,0,209.45,0,Low Demand,✅ Profitable Product
22165,1477.9,266,39,27,1,1490.65,-12.75,1477.9,0,Low Demand,✅ Profitable Product
22166,466.05,119,18,13,2,489.9,-23.85,466.05,0,Low Demand,✅ Profitable Product
22167,1010.2,116,61,41,4,1059.95,-49.75,1010.2,0,Low Demand,✅ Profitable Product
22168,1060.8,126,84,71,9,1171.3,-110.5,1060.8,0,Low Demand,✅ Profitable Product
22169,8174.39,1045,302,165,16,8416.64,-242.25,8174.39,2,Hidden Loss,✅ Profitable Product
22170,6259.5,1004,230,142,5,6378.15,-118.65,6259.5,2,Hidden Loss,✅ Profitable Product
22171,11418.03,1611,320,173,17,12294.38,-876.35,11418.03,2,Hidden Loss,✅ Profitable Product
22173,5993.52,2050,343,210,6,6273.29,-279.77,5993.52,2,Hidden Loss,✅ Profitable Product
22174,4032.56,2688,169,104,0,4032.56,0,4032.56,2,Hidden Loss,✅ Profitable Product
22175,2379.05,839,141,85,2,2384.95,-5.9,2379.05,0,Low Demand,✅ Profitable Product
22176,1417.45,487,100,62,2,1423.35,-5.9,1417.45,0,Low Demand,✅ Profitable Product
22178,28152.86,21984,839,403,24,28776.51,-623.65,28152.86,1,Stable,✅ Profitable Product
22179,4931.79,767,184,99,6,5110.74,-178.95,4931.79,2,Hidden Loss,✅ Profitable Product
22180,2768,283,143,93,12,2962.65,-194.65,2768,0,Low Demand,⚠️ High Return Risk
22181,455.02,550,48,40,2,477.97,-22.95,455.02,0,Low Demand,✅ Profitable Product
22182,708.85,203,38,30,2,723.7,-14.85,708.85,0,Low Demand,✅ Profitable Product
22183,458,72,19,16,2,466.95,-8.95,458,0,Low Demand,✅ Profitable Product
22184,51,6,6,5,2,68,-17,51,0,Low Demand,📉 Low Performance
22185,2029.7,1428,126,111,0,2029.7,0,2029.7,0,Low Demand,✅ Profitable Product
22186,1591.64,748,122,112,4,1723.79,-132.15,1591.64,0,Low Demand,✅ Profitable Product
22187,2547.57,1179,148,124,3,2562.27,-14.7,2547.57,0,Low Demand,✅ Profitable Product
22188,12257.95,4843,167,123,1,12261.9,-3.95,12257.95,2,Hidden Loss,✅ Profitable Product
22189,22683.97,8187,457,274,5,22715.57,-31.6,22683.97,1,Stable,✅ Profitable Product
22190,785.13,566,52,38,0,785.13,0,785.13,0,Low Demand,✅ Profitable Product
22191,8933.5,1082,407,241,16,11587.2,-2653.7,8933.5,2,Hidden Loss,✅ Profitable Product
22192,7360.63,886,345,180,7,7528.93,-168.3,7360.63,2,Hidden Loss,✅ Profitable Product
22193,10881.44,1328,425,207,9,11074.39,-192.95,10881.44,2,Hidden Loss,✅ Profitable Product
22194,433.5,51,34,24,1,450.5,-17,433.5,0,Low Demand,✅ Profitable Product
22195,2840.22,1698,221,148,1,2841.87,-1.65,2840.22,2,Hidden Loss,✅ Profitable Product
22196,1989.6,2356,251,147,4,2013.73,-24.13,1989.6,2,Hidden Loss,✅ Profitable Product
22197,36859.88,48712,1085,407,50,37226.43,-366.55,36859.88,1,Stable,✅ Profitable Product
22198,1301.1,830,68,44,15,1370.45,-69.35,1301.1,0,Low Demand,⚠️ High Return Risk
22199,1294.5,376,100,71,2,1328.5,-34,1294.5,0,Low Demand,✅ Profitable Product
22200,1194.54,322,77,51,1,1209.54,-15,1194.54,0,Low Demand,✅ Profitable Product
22201,357.5,106,42,29,2,366,-8.5,357.5,0,Low Demand,✅ Profitable Product
22202,142.5,38,18,16,1,146.25,-3.75,142.5,0,Low Demand,📉 Low Performance
22203,988.63,308,93,75,2,996.13,-7.5,988.63,0,Low Demand,✅ Profitable Product
22204,283.75,91,32,23,2,302.5,-18.75,283.75,0,Low Demand,✅ Profitable Product
22207,4449.11,1125,117,68,4,4731.36,-282.25,4449.11,0,Low Demand,✅ Profitable Product
22208,1222.49,1276,201,148,2,1234.1,-11.61,1222.49,2,Hidden Loss,✅ Profitable Product
22209,792.86,813,122,100,1,802.82,-9.96,792.86,0,Low Demand,✅ Profitable Product
22210,822.57,914,142,117,0,822.57,0,822.57,0,Low Demand,✅ Profitable Product
22211,738.78,735,127,101,1,808.38,-69.6,738.78,0,Low Demand,✅ Profitable Product
22212,2869.17,1399,260,146,7,2917.47,-48.3,2869.17,2,Hidden Loss,✅ Profitable Product
22214,246.7,114,21,18,0,246.7,0,246.7,0,Low Demand,✅ Profitable Product
22215,2237.5,328,91,72,2,2254.5,-17,2237.5,0,Low Demand,✅ Profitable Product
22216,182.31,327,20,17,0,182.31,0,182.31,0,Low Demand,📉 Low Performance
22217,597.51,725,65,63,1,647.51,-50,597.51,0,Low Demand,✅ Profitable Product
22218,4.25,1,1,1,0,4.25,0,4.25,0,Low Demand,📉 Low Performance
22219,2796.52,3346,314,190,3,2818.62,-22.1,2796.52,2,Hidden Loss,✅ Profitable Product
22220,1298,192,83,66,9,1499.5,-201.5,1298,0,Low Demand,✅ Profitable Product
22221,944.5,122,46,38,2,964.4,-19.9,944.5,0,Low Demand,✅ Profitable Product
22222,2599.2,824,149,104,0,2599.2,0,2599.2,0,Low Demand,✅ Profitable Product
22223,902.85,315,42,34,0,902.85,0,902.85,0,Low Demand,✅ Profitable Product
22224,1961.8,684,117,89,2,1973.6,-11.8,1961.8,0,Low Demand,✅ Profitable Product
22227,1275.55,1967,172,83,2,1276.85,-1.3,1275.55,0,Low Demand,✅ Profitable Product
22228,596.46,850,94,81,1,598.16,-1.7,596.46,0,Low Demand,✅ Profitable Product
22229,332.57,493,63,54,1,334.27,-1.7,332.57,0,Low Demand,✅ Profitable Product
22230,342.93,910,67,51,4,356.46,-13.53,342.93,0,Low Demand,✅ Profitable Product
22231,728.12,800,115,93,9,823.17,-95.05,728.12,0,Low Demand,✅ Profitable Product
22232,451.71,559,66,54,5,506.43,-54.72,451.71,0,Low Demand,✅ Profitable Product
22233,481.7,520,81,71,4,515.29,-33.59,481.7,0,Low Demand,✅ Profitable Product
22236,3115.65,263,99,67,11,3624.6,-508.95,3115.65,0,Low Demand,⚠️ High Return Risk
22241,2175.47,1784,168,125,3,2180.28,-4.81,2175.47,2,Hidden Loss,✅ Profitable Product
22242,908.25,597,30,23,3,964.35,-56.1,908.25,0,Low Demand,✅ Profitable Product
22243,4578.6,3044,111,71,3,4596.75,-18.15,4578.6,0,Low Demand,✅ Profitable Product
22244,2884.35,1601,102,67,8,2915.55,-31.2,2884.35,0,Low Demand,✅ Profitable Product
22245,961.86,1194,58,44,2,966.11,-4.25,961.86,0,Low Demand,✅ Profitable Product
22246,531.78,266,37,31,1,555.18,-23.4,531.78,0,Low Demand,✅ Profitable Product
22247,408.09,485,56,54,0,408.09,0,408.09,0,Low Demand,✅ Profitable Product
22248,304.39,363,46,43,2,321.39,-17,304.39,0,Low Demand,✅ Profitable Product
22249,540.69,641,76,73,1,544.09,-3.4,540.69,0,Low Demand,✅ Profitable Product
22250,374.09,445,58,57,1,377.49,-3.4,374.09,0,Low Demand,✅ Profitable Product
22251,625.44,504,75,67,3,645.44,-20,625.44,0,Low Demand,✅ Profitable Product
22252,762.82,644,68,48,1,770.32,-7.5,762.82,0,Low Demand,✅ Profitable Product
22254,706.02,594,41,33,0,706.02,0,706.02,0,Low Demand,✅ Profitable Product
22255,460.7,542,44,33,0,460.7,0,460.7,0,Low Demand,✅ Profitable Product
22256,327.5,262,33,32,0,327.5,0,327.5,0,Low Demand,✅ Profitable Product
22257,194.39,283,16,16,0,194.39,0,194.39,0,Low Demand,📉 Low Performance
22258,535.19,715,38,35,2,543.94,-8.75,535.19,0,Low Demand,✅ Profitable Product
22259,240.96,384,16,16,0,240.96,0,240.96,0,Low Demand,✅ Profitable Product
22260,348.22,406,48,37,1,351.62,-3.4,348.22,0,Low Demand,✅ Profitable Product
22261,444.06,516,71,61,1,447.46,-3.4,444.06,0,Low Demand,✅ Profitable Product
22262,784.27,919,92,62,2,788.52,-4.25,784.27,0,Low Demand,✅ Profitable Product
22263,93.34,207,19,14,1,125.68,-32.34,93.34,0,Low Demand,📉 Low Performance
22264,518.77,1393,40,38,0,518.77,0,518.77,0,Low Demand,✅ Profitable Product
22265,334.1,514,48,42,0,334.1,0,334.1,0,Low Demand,✅ Profitable Product
22266,563.35,1861,78,69,0,563.35,0,563.35,0,Low Demand,✅ Profitable Product
22267,654.7,828,75,67,0,654.7,0,654.7,0,Low Demand,✅ Profitable Product
22268,658.18,1798,97,73,2,666.44,-8.26,658.18,0,Low Demand,✅ Profitable Product
22269,521.73,841,87,62,0,521.73,0,521.73,0,Low Demand,✅ Profitable Product
22270,748.08,204,45,35,3,773.97,-25.89,748.08,0,Low Demand,✅ Profitable Product
22271,4693.27,1645,258,181,2,4716.87,-23.6,4693.27,2,Hidden Loss,✅ Profitable Product
22272,550.15,193,47,44,1,553.1,-2.95,550.15,0,Low Demand,✅ Profitable Product
22273,8250.34,3022,298,212,6,11762.99,-3512.65,8250.34,2,Hidden Loss,✅ Profitable Product
22274,3711.5,1294,233,168,2,3732.15,-20.65,3711.5,2,Hidden Loss,✅ Profitable Product
22275,527.85,69,1,1,0,527.85,0,527.85,0,Low Demand,✅ Profitable Product
22276,627.3,246,64,53,2,645.15,-17.85,627.3,0,Low Demand,✅ Profitable Product
22277,728.62,355,63,54,0,728.62,0,728.62,0,Low Demand,✅ Profitable Product
22278,1178.1,238,85,59,3,1207.8,-29.7,1178.1,0,Low Demand,✅ Profitable Product
22279,577.16,479,47,44,1,578.41,-1.25,577.16,0,Low Demand,✅ Profitable Product
22280,224.88,177,30,26,0,224.88,0,224.88,0,Low Demand,✅ Profitable Product
22281,648.55,109,43,35,0,648.55,0,648.55,0,Low Demand,✅ Profitable Product
22282,1412.52,110,65,39,1,1425.27,-12.75,1412.52,0,Low Demand,✅ Profitable Product
22283,2027.14,254,119,82,2,2058.94,-31.8,2027.14,0,Low Demand,✅ Profitable Product
22284,1465.2,888,101,79,2,1486.65,-21.45,1465.2,0,Low Demand,✅ Profitable Product
22285,1376.1,834,90,74,0,1376.1,0,1376.1,0,Low Demand,✅ Profitable Product
22286,867.27,1051,79,64,0,867.27,0,867.27,0,Low Demand,✅ Profitable Product
22287,629.28,738,58,51,1,633.96,-4.68,629.28,0,Low Demand,✅ Profitable Product
22288,566.25,453,39,37,0,566.25,0,566.25,0,Low Demand,✅ Profitable Product
22289,157.5,126,19,19,0,157.5,0,157.5,0,Low Demand,📉 Low Performance
22291,1767.55,1219,91,72,1,1802.35,-34.8,1767.55,0,Low Demand,✅ Profitable Product
22292,1520,1088,88,76,0,1520,0,1520,0,Low Demand,✅ Profitable Product
22293,1190.45,821,82,63,0,1190.45,0,1190.45,0,Low Demand,✅ Profitable Product
22294,6628.57,5405,249,162,3,6671.07,-42.5,6628.57,2,Hidden Loss,✅ Profitable Product
22295,4400.37,2725,213,156,1,4420.17,-19.8,4400.37,2,Hidden Loss,✅ Profitable Product
22296,4987.18,3054,271,189,1,4988.83,-1.65,4987.18,2,Hidden Loss,✅ Profitable Product
22297,4715.03,3863,221,157,0,4715.03,0,4715.03,2,Hidden Loss,✅ Profitable Product
22299,1166.34,1264,45,39,3,1231.34,-65,1166.34,0,Low Demand,✅ Profitable Product
22300,3014.19,1437,148,100,5,3047.34,-33.15,3014.19,0,Low Demand,✅ Profitable Product
22301,4469.94,2094,192,123,11,4529.34,-59.4,4469.94,2,Hidden Loss,⚠️ High Return Risk
22302,4929.25,2276,193,134,3,4959.85,-30.6,4929.25,2,Hidden Loss,✅ Profitable Product
22303,5953,2696,239,156,10,6124.15,-171.15,5953,2,Hidden Loss,✅ Profitable Product
22304,1268.06,744,47,38,0,1268.06,0,1268.06,0,Low Demand,✅ Profitable Product
22305,1556.89,683,45,35,1,1559.44,-2.55,1556.89,0,Low Demand,✅ Profitable Product
22306,1274.59,1121,103,85,4,1303.29,-28.7,1274.59,0,Low Demand,✅ Profitable Product
22307,789.71,690,66,53,5,835.61,-45.9,789.71,0,Low Demand,✅ Profitable Product
22308,356.89,145,36,27,0,356.89,0,356.89,0,Low Demand,✅ Profitable Product
22309,709.38,293,64,48,0,709.38,0,709.38,0,Low Demand,✅ Profitable Product
22310,841.79,531,51,29,0,841.79,0,841.79,0,Low Demand,✅ Profitable Product
22311,2904.85,1047,95,62,2,2925.5,-20.65,2904.85,0,Low Demand,✅ Profitable Product
22312,1449.09,501,94,62,1,1454.99,-5.9,1449.09,0,Low Demand,✅ Profitable Product
22313,845.39,303,55,41,1,1482.89,-637.5,845.39,0,Low Demand,✅ Profitable Product
22314,1428.19,515,94,59,1,1434.09,-5.9,1428.19,0,Low Demand,✅ Profitable Product
22315,914.77,761,119,90,0,914.77,0,914.77,0,Low Demand,✅ Profitable Product
22316,705.05,637,42,28,1,706.3,-1.25,705.05,0,Low Demand,✅ Profitable Product
22317,506.32,172,39,35,0,506.32,0,506.32,0,Low Demand,✅ Profitable Product
22318,1140.35,389,91,67,2,1161,-20.65,1140.35,0,Low Demand,✅ Profitable Product
22319,583.96,1340,62,54,1,587.86,-3.9,583.96,0,Low Demand,✅ Profitable Product
22320,1046.66,174,73,56,4,1100.21,-53.55,1046.66,0,Low Demand,✅ Profitable Product
22321,645.15,759,58,45,1,646,-0.85,645.15,0,Low Demand,✅ Profitable Product
22322,321.3,378,38,30,1,331.5,-10.2,321.3,0,Low Demand,✅ Profitable Product
22323,1.95,1,1,1,0,1.95,0,1.95,0,Low Demand,📉 Low Performance
22324,456.36,228,29,20,0,456.36,0,456.36,0,Low Demand,✅ Profitable Product
22325,690.9,140,64,52,6,755.25,-64.35,690.9,0,Low Demand,✅ Profitable Product
22326,22054.57,8059,612,281,18,22175.52,-120.95,22054.57,1,Stable,✅ Profitable Product
22327,2325.95,821,167,106,5,2358.4,-32.45,2325.95,0,Low Demand,✅ Profitable Product
22328,15919.39,5825,473,228,15,17604.99,-1685.6,15919.39,1,Stable,✅ Profitable Product
22329,2154.9,1370,154,104,3,2182.95,-28.05,2154.9,0,Low Demand,✅ Profitable Product
22331,2747.66,1766,145,103,2,2750.96,-3.3,2747.66,0,Low Demand,✅ Profitable Product
22332,1546.2,972,132,92,3,1562.7,-16.5,1546.2,0,Low Demand,✅ Profitable Product
22333,6637.03,4323,278,169,11,6749.23,-112.2,6637.03,2,Hidden Loss,✅ Profitable Product
22334,1101.44,684,91,77,0,1101.44,0,1101.44,0,Low Demand,✅ Profitable Product
22335,1250.2,2024,123,88,0,1250.2,0,1250.2,0,Low Demand,✅ Profitable Product
22336,653.14,2260,50,48,1,668.09,-14.95,653.14,0,Low Demand,✅ Profitable Product
22337,383.95,635,26,24,0,383.95,0,383.95,0,Low Demand,✅ Profitable Product
22338,913.44,4158,118,94,2,925.71,-12.27,913.44,0,Low Demand,✅ Profitable Product
22339,552.36,2252,53,45,2,569.29,-16.93,552.36,0,Low Demand,✅ Profitable Product
22340,412.83,981,62,53,1,430.23,-17.4,412.83,0,Low Demand,✅ Profitable Product
22341,672.65,405,41,37,0,672.65,0,672.65,0,Low Demand,✅ Profitable Product
22342,729.45,797,54,49,2,769.65,-40.2,729.45,0,Low Demand,✅ Profitable Product
22343,729.61,1687,64,48,1,744.91,-15.3,729.61,0,Low Demand,✅ Profitable Product
22344,373.31,1049,46,34,0,373.31,0,373.31,0,Low Demand,✅ Profitable Product
22345,303.18,954,42,29,1,318.48,-15.3,303.18,0,Low Demand,✅ Profitable Product
22346,309.69,885,32,23,0,309.69,0,309.69,0,Low Demand,✅ Profitable Product
22348,3213.29,3851,255,144,1,3223.49,-10.2,3213.29,2,Hidden Loss,✅ Profitable Product
22349,5179.18,1328,116,86,2,5227.93,-48.75,5179.18,0,Low Demand,✅ Profitable Product
22350,3583.77,1355,89,63,1,3586.32,-2.55,3583.77,0,Low Demand,✅ Profitable Product
22351,19.8,12,1,1,0,19.8,0,19.8,0,Low Demand,📉 Low Performance
22352,6676.99,2837,333,185,9,6717.79,-40.8,6676.99,2,Hidden Loss,✅ Profitable Product
22353,155.55,61,24,23,0,155.55,0,155.55,0,Low Demand,📉 Low Performance
22354,2499.43,699,66,44,1,2502.82,-3.39,2499.43,0,Low Demand,✅ Profitable Product
22355,7025.06,8825,597,249,12,7138.65,-113.59,7025.06,2,Hidden Loss,✅ Profitable Product
22356,5639.11,7040,504,220,17,5840.64,-201.53,5639.11,2,Hidden Loss,✅ Profitable Product
22357,1256.1,306,95,70,8,1332.6,-76.5,1256.1,0,Low Demand,✅ Profitable Product
22358,1317.68,448,114,87,4,1341.28,-23.6,1317.68,0,Low Demand,✅ Profitable Product
22359,471.89,159,64,47,2,480.74,-8.85,471.89,0,Low Demand,✅ Profitable Product
22360,2170.95,781,159,103,17,2455.9,-284.95,2170.95,2,Hidden Loss,⚠️ High Return Risk
22361,1478.25,527,129,92,6,1513.25,-35,1478.25,0,Low Demand,✅ Profitable Product
22362,889.88,316,88,62,7,987.23,-97.35,889.88,0,Low Demand,✅ Profitable Product
22363,891.44,324,61,46,4,1226.94,-335.5,891.44,0,Low Demand,✅ Profitable Product
22364,1247.52,452,109,69,14,1429.97,-182.45,1247.52,0,Low Demand,⚠️ High Return Risk
22365,4857.54,728,127,83,1,4873.44,-15.9,4857.54,0,Low Demand,✅ Profitable Product
22366,4693.75,695,159,104,3,4887.82,-194.07,4693.75,0,Low Demand,✅ Profitable Product
22367,6502.29,3507,459,300,12,6572.49,-70.2,6502.29,2,Hidden Loss,✅ Profitable Product
22371,3436.23,817,256,145,9,3489.88,-53.65,3436.23,2,Hidden Loss,✅ Profitable Product
22372,931.08,220,102,81,1,935.33,-4.25,931.08,0,Low Demand,✅ Profitable Product
22374,1865.84,444,159,108,3,1882.84,-17,1865.84,0,Low Demand,✅ Profitable Product
22375,1056.05,253,96,67,0,1056.05,0,1056.05,0,Low Demand,✅ Profitable Product
22376,820.69,193,82,66,0,820.69,0,820.69,0,Low Demand,✅ Profitable Product
22377,1492.44,1029,107,83,2,1510.89,-18.45,1492.44,0,Low Demand,✅ Profitable Product
22378,2090.46,1684,104,69,1,2092.56,-2.1,2090.46,0,Low Demand,✅ Profitable Product
22379,11819.78,6024,412,188,5,11942.43,-122.65,11819.78,2,Hidden Loss,✅ Profitable Product
22380,2197.05,1119,201,114,6,2274.75,-77.7,2197.05,2,Hidden Loss,✅ Profitable Product
22381,6173.13,3142,296,134,7,6229.58,-56.45,6173.13,2,Hidden Loss,✅ Profitable Product
22382,15638.85,9753,1001,491,13,15881.2,-242.35,15638.85,1,Stable,✅ Profitable Product
22383,18516.4,11584,1063,435,20,18723.7,-207.3,18516.4,1,Stable,✅ Profitable Product
22384,16113.3,10102,951,445,20,16349.5,-236.2,16113.3,1,Stable,✅ Profitable Product
22385,15115.88,8118,481,247,4,15331.02,-215.14,15115.88,2,Hidden Loss,✅ Profitable Product
22386,36473.01,19709,884,372,13,37289.59,-816.58,36473.01,1,Stable,✅ Profitable Product
22389,386.91,229,37,36,1,596.91,-210,386.91,0,Low Demand,✅ Profitable Product
22390,410.72,261,30,24,0,410.72,0,410.72,0,Low Demand,✅ Profitable Product
22391,186.06,146,18,18,0,186.06,0,186.06,0,Low Demand,📉 Low Performance
22393,607.18,483,51,44,2,617.38,-10.2,607.18,0,Low Demand,✅ Profitable Product
22394,175.5,154,17,17,1,190.8,-15.3,175.5,0,Low Demand,📉 Low Performance
22395,130.26,134,15,15,0,130.26,0,130.26,0,Low Demand,📉 Low Performance
22396,565.32,1176,108,87,1,572.82,-7.5,565.32,0,Low Demand,✅ Profitable Product
22398,1431.18,2467,231,167,3,1528.68,-97.5,1431.18,2,Hidden Loss,✅ Profitable Product
22399,1287.4,1112,89,71,2,1309.9,-22.5,1287.4,0,Low Demand,✅ Profitable Product
22400,714.21,1392,144,112,1,714.6,-0.39,714.21,0,Low Demand,✅ Profitable Product
22402,1000.64,1699,145,107,1,1008.14,-7.5,1000.64,0,Low Demand,✅ Profitable Product
22403,562.25,1217,86,72,1,569.75,-7.5,562.25,0,Low Demand,✅ Profitable Product
22405,350.13,346,55,47,1,351.19,-1.06,350.13,0,Low Demand,✅ Profitable Product
22406,335.64,318,65,49,1,336.89,-1.25,335.64,0,Low Demand,✅ Profitable Product
22407,98.07,94,23,17,0,98.07,0,98.07,0,Low Demand,📉 Low Performance
22408,141.5,137,22,20,0,141.5,0,141.5,0,Low Demand,📉 Low Performance
22409,268.75,215,46,36,1,270,-1.25,268.75,0,Low Demand,✅ Profitable Product
22410,212.88,223,46,34,0,212.88,0,212.88,0,Low Demand,✅ Profitable Product
22411,19575.16,10176,801,375,11,20174.23,-599.07,19575.16,1,Stable,✅ Profitable Product
22412,1780.5,875,114,73,1,1784.7,-4.2,1780.5,0,Low Demand,✅ Profitable Product
22413,10594.2,3672,354,228,3,10647.3,-53.1,10594.2,2,Hidden Loss,✅ Profitable Product
22414,1629.47,251,72,37,2,1645.67,-16.2,1629.47,0,Low Demand,✅ Profitable Product
22415,151.05,19,13,13,0,151.05,0,151.05,0,Low Demand,📉 Low Performance
22416,1166.2,844,64,55,1,1174.9,-8.7,1166.2,0,Low Demand,✅ Profitable Product
22417,4106.39,8057,409,270,2,4131.69,-25.3,4106.39,2,Hidden Loss,✅ Profitable Product
22418,5068.92,6102,249,179,7,5209.17,-140.25,5068.92,2,Hidden Loss,✅ Profitable Product
22419,1233.6,2806,158,94,1,1236.12,-2.52,1233.6,0,Low Demand,✅ Profitable Product
22420,500.33,1199,84,55,0,500.33,0,500.33,0,Low Demand,✅ Profitable Product
22421,794.36,1923,121,80,1,795.2,-0.84,794.36,0,Low Demand,✅ Profitable Product
22422,397.25,971,73,53,0,397.25,0,397.25,0,Low Demand,✅ Profitable Product
22423,132870.4,11545,1883,887,181,142592.95,-9722.55,132870.4,3,Critical Loss,✅ Profitable Product
22424,8176.4,685,343,189,17,8519,-342.6,8176.4,2,Hidden Loss,✅ Profitable Product
22425,2056.41,428,144,110,3,2086.11,-29.7,2056.41,0,Low Demand,✅ Profitable Product
22426,2190.55,649,147,104,3,2231.8,-41.25,2190.55,0,Low Demand,✅ Profitable Product
22427,11206.98,1954,453,311,12,11444.93,-237.95,11206.98,2,Hidden Loss,✅ Profitable Product
22428,1507.88,218,94,75,2,1528.73,-20.85,1507.88,0,Low Demand,✅ Profitable Product
22429,4822.54,1162,330,227,15,4954.29,-131.75,4822.54,2,Hidden Loss,⚠️ High Return Risk
22430,2547.6,524,168,131,7,2646.6,-99,2547.6,2,Hidden Loss,✅ Profitable Product
22431,3671.05,1973,278,159,3,3686.65,-15.6,3671.05,2,Hidden Loss,✅ Profitable Product
22432,3073.28,1634,237,158,3,3100.58,-27.3,3073.28,2,Hidden Loss,✅ Profitable Product
22433,2481.68,1338,192,121,3,2487.53,-5.85,2481.68,2,Hidden Loss,✅ Profitable Product
22434,1486.13,761,114,94,2,1521.23,-35.1,1486.13,0,Low Demand,✅ Profitable Product
22435,3242.04,2668,214,153,1,3257.04,-15,3242.04,2,Hidden Loss,✅ Profitable Product
22436,1360.3,2090,140,105,1,1373.3,-13,1360.3,0,Low Demand,✅ Profitable Product
22437,2254.85,2717,174,140,1,2263.35,-8.5,2254.85,2,Hidden Loss,✅ Profitable Product
22438,825.24,900,68,66,0,825.24,0,825.24,0,Low Demand,✅ Profitable Product
22439,1132.6,1700,159,116,3,1176.8,-44.2,1132.6,0,Low Demand,✅ Profitable Product
22440,2249.94,5887,139,100,1,2254.14,-4.2,2249.94,2,Hidden Loss,✅ Profitable Product
22441,2063.1,991,170,130,3,2069.4,-6.3,2063.1,0,Low Demand,✅ Profitable Product
22442,1090.35,281,81,69,7,1177.8,-87.45,1090.35,0,Low Demand,✅ Profitable Product
22443,1200.45,151,82,60,2,1216.35,-15.9,1200.45,0,Low Demand,✅ Profitable Product
22444,895.51,731,36,31,3,935.51,-40,895.51,0,Low Demand,✅ Profitable Product
22445,1368.2,472,93,72,0,1368.2,0,1368.2,0,Low Demand,✅ Profitable Product
22446,432.99,161,38,25,0,432.99,0,432.99,0,Low Demand,✅ Profitable Product
22447,223.95,75,16,16,0,223.95,0,223.95,0,Low Demand,✅ Profitable Product
22448,576.31,187,34,29,0,576.31,0,576.31,0,Low Demand,✅ Profitable Product
22449,1197.58,359,88,65,1,1217.68,-20.1,1197.58,0,Low Demand,✅ Profitable Product
22450,610.65,183,53,42,1,614,-3.35,610.65,0,Low Demand,✅ Profitable Product
22451,657.5,202,38,35,0,657.5,0,657.5,0,Low Demand,✅ Profitable Product
22452,1091.85,387,67,53,1,1094.8,-2.95,1091.85,0,Low Demand,✅ Profitable Product
22453,951.7,334,46,38,0,951.7,0,951.7,0,Low Demand,✅ Profitable Product
22454,639,228,37,31,0,639,0,639,0,Low Demand,✅ Profitable Product
22456,6506.4,1384,335,220,32,6833.2,-326.8,6506.4,2,Hidden Loss,✅ Profitable Product
22457,24092.92,8428,984,590,17,24245.52,-152.6,24092.92,1,Stable,✅ Profitable Product
22458,1371.43,513,14,12,0,1371.43,0,1371.43,0,Low Demand,✅ Profitable Product
22459,962.73,375,15,12,0,962.73,0,962.73,0,Low Demand,✅ Profitable Product
22460,2848.09,2362,168,119,6,2871.84,-23.75,2848.09,2,Hidden Loss,✅ Profitable Product
22461,1090.55,209,57,37,12,1251.25,-160.7,1090.55,0,Low Demand,⚠️ High Return Risk
22464,4636.6,3078,288,193,11,4823.5,-186.9,4636.6,2,Hidden Loss,⚠️ High Return Risk
22465,2797.48,1938,166,120,7,2839.63,-42.15,2797.48,2,Hidden Loss,✅ Profitable Product
22466,5041.95,2911,152,114,2,5071.95,-30,5041.95,2,Hidden Loss,✅ Profitable Product
22467,17245.4,7542,599,263,29,17580.35,-334.95,17245.4,1,Stable,✅ Profitable Product
22468,3012.94,464,118,83,2,3032.39,-19.45,3012.94,0,Low Demand,✅ Profitable Product
22469,28020.69,16640,972,573,11,28228.64,-207.95,28020.69,1,Stable,✅ Profitable Product
22470,28331.45,9523,817,487,16,28520.95,-189.5,28331.45,1,Stable,✅ Profitable Product
22471,1095.73,359,65,53,1,1097.68,-1.95,1095.73,0,Low Demand,✅ Profitable Product
22472,1224.17,291,82,58,2,1234.07,-9.9,1224.17,0,Low Demand,✅ Profitable Product
22473,1239.39,437,79,58,0,1239.39,0,1239.39,0,Low Demand,✅ Profitable Product
22474,873.04,212,84,71,1,1009.04,-136,873.04,0,Low Demand,✅ Profitable Product
22475,1225.95,281,109,49,0,1225.95,0,1225.95,0,Low Demand,✅ Profitable Product
22476,2111.17,803,79,61,1,2150.77,-39.6,2111.17,0,Low Demand,✅ Profitable Product
22477,1776.85,1289,71,64,1,1778.1,-1.25,1776.85,0,Low Demand,✅ Profitable Product
22478,1936.85,1417,76,59,0,1936.85,0,1936.85,0,Low Demand,✅ Profitable Product
22479,1513.1,1078,54,48,0,1513.1,0,1513.1,0,Low Demand,✅ Profitable Product
22480,729.77,613,67,57,0,729.77,0,729.77,0,Low Demand,✅ Profitable Product
22481,608.52,694,84,68,0,608.52,0,608.52,0,Low Demand,✅ Profitable Product
22482,523.52,448,48,40,0,523.52,0,523.52,0,Low Demand,✅ Profitable Product
22483,2038.83,725,131,91,1,2041.78,-2.95,2038.83,0,Low Demand,✅ Profitable Product
22485,5576.4,456,169,142,4,5652.9,-76.5,5576.4,2,Hidden Loss,✅ Profitable Product
22486,212.44,46,13,10,3,288.94,-76.5,212.44,0,Low Demand,✅ Profitable Product
22487,6546.01,699,396,278,17,6778.81,-232.8,6546.01,2,Hidden Loss,✅ Profitable Product
22488,4579.16,2876,318,211,9,4636.91,-57.75,4579.16,2,Hidden Loss,✅ Profitable Product
22489,3754.05,9312,320,232,2,3754.89,-0.84,3754.05,2,Hidden Loss,✅ Profitable Product
22491,3120.64,3898,201,162,1,3130.84,-10.2,3120.64,2,Hidden Loss,✅ Profitable Product
22492,15911.84,25880,335,213,10,16039.24,-127.4,15911.84,1,Stable,✅ Profitable Product
22493,3344.13,2081,180,125,4,3740.58,-396.45,3344.13,2,Hidden Loss,✅ Profitable Product
22494,1052.64,850,126,79,7,1102.64,-50,1052.64,0,Low Demand,✅ Profitable Product
22495,497.48,236,66,60,1,515.18,-17.7,497.48,0,Low Demand,✅ Profitable Product
22496,465.29,239,70,63,1,477.09,-11.8,465.29,0,Low Demand,✅ Profitable Product
22497,756.5,178,59,50,0,756.5,0,756.5,0,Low Demand,✅ Profitable Product
22498,1362.55,229,96,68,0,1362.55,0,1362.55,0,Low Demand,✅ Profitable Product
22499,9905.03,1730,298,217,2,9928.83,-23.8,9905.03,2,Hidden Loss,✅ Profitable Product
22500,840.2,240,85,78,0,840.2,0,840.2,0,Low Demand,✅ Profitable Product
22501,9945.7,1094,274,187,17,10818.9,-873.2,9945.7,2,Hidden Loss,✅ Profitable Product
22502,46980.95,1413,243,175,9,47366.2,-385.25,46980.95,1,Stable,✅ Profitable Product
22503,967.05,51,18,15,2,1279.2,-312.15,967.05,0,Low Demand,✅ Profitable Product
22504,2879.85,155,43,32,4,3012.4,-132.55,2879.85,0,Low Demand,✅ Profitable Product
22505,6281.44,1360,267,187,5,6306.19,-24.75,6281.44,2,Hidden Loss,✅ Profitable Product
22507,12377.07,2779,353,230,5,12411.02,-33.95,12377.07,2,Hidden Loss,✅ Profitable Product
22508,5855.71,1494,240,179,4,5938.21,-82.5,5855.71,2,Hidden Loss,✅ Profitable Product
22509,1692.55,189,82,71,2,1931.75,-239.2,1692.55,0,Low Demand,✅ Profitable Product
22510,404.62,210,41,34,0,404.62,0,404.62,0,Low Demand,✅ Profitable Product
22511,455.87,245,48,44,0,455.87,0,455.87,0,Low Demand,✅ Profitable Product
22512,236,118,32,28,0,236,0,236,0,Low Demand,✅ Profitable Product
22513,408.73,135,51,37,0,408.73,0,408.73,0,Low Demand,✅ Profitable Product
22514,539.1,261,75,61,0,539.1,0,539.1,0,Low Demand,✅ Profitable Product
22515,484.5,235,64,53,1,488.7,-4.2,484.5,0,Low Demand,✅ Profitable Product
22516,350.1,171,41,35,0,350.1,0,350.1,0,Low Demand,✅ Profitable Product
22517,381.6,186,54,48,0,381.6,0,381.6,0,Low Demand,✅ Profitable Product
22518,663.3,333,57,44,0,663.3,0,663.3,0,Low Demand,✅ Profitable Product
22519,741,370,65,53,0,741,0,741,0,Low Demand,✅ Profitable Product
22520,599.25,705,105,88,0,599.25,0,599.25,0,Low Demand,✅ Profitable Product
22521,515.95,607,94,81,0,515.95,0,515.95,0,Low Demand,✅ Profitable Product
22522,749.39,911,121,100,1,759.59,-10.2,749.39,0,Low Demand,✅ Profitable Product
22523,707.2,832,119,98,1,717.4,-10.2,707.2,0,Low Demand,✅ Profitable Product
22524,721,592,65,55,0,721,0,721,0,Low Demand,✅ Profitable Product
22525,553.5,458,52,42,0,553.5,0,553.5,0,Low Demand,✅ Profitable Product
22526,1329.9,106,71,57,4,1406.4,-76.5,1329.9,0,Low Demand,✅ Profitable Product
22529,329.76,816,61,52,0,329.76,0,329.76,0,Low Demand,✅ Profitable Product
22530,1421.88,3490,182,143,1,1431.96,-10.08,1421.88,2,Hidden Loss,✅ Profitable Product
22531,1348.5,3293,163,127,0,1348.5,0,1348.5,0,Low Demand,✅ Profitable Product
22532,360.06,1063,66,54,0,360.06,0,360.06,0,Low Demand,✅ Profitable Product
22533,597.54,1721,79,68,1,607.62,-10.08,597.54,0,Low Demand,✅ Profitable Product
22534,1734.66,4329,203,173,1,1735.5,-0.84,1734.66,2,Hidden Loss,✅ Profitable Product
22535,611.28,1668,111,88,1,631.44,-20.16,611.28,0,Low Demand,✅ Profitable Product
22536,1738.98,4601,145,109,1,1782.18,-43.2,1738.98,2,Hidden Loss,✅ Profitable Product
22537,743.4,1770,136,115,1,763.56,-20.16,743.4,0,Low Demand,✅ Profitable Product
22538,151.5,387,26,25,0,151.5,0,151.5,0,Low Demand,📉 Low Performance
22539,1050.41,2824,85,74,0,1050.41,0,1050.41,0,Low Demand,✅ Profitable Product
22540,915.36,2450,66,51,1,915.78,-0.42,915.36,0,Low Demand,✅ Profitable Product
22541,181.04,466,21,19,0,181.04,0,181.04,0,Low Demand,📉 Low Performance
22543,516.61,1436,39,32,0,516.61,0,516.61,0,Low Demand,✅ Profitable Product
22544,1610.24,4371,125,102,1,1628.3,-18.06,1610.24,0,Low Demand,✅ Profitable Product
22545,390.69,1088,48,40,1,391.11,-0.42,390.69,0,Low Demand,✅ Profitable Product
22546,767.41,2064,60,50,1,767.83,-0.42,767.41,0,Low Demand,✅ Profitable Product
22547,278.67,736,51,41,1,279.51,-0.84,278.67,0,Low Demand,✅ Profitable Product
22548,2097.96,1873,179,149,0,2097.96,0,2097.96,2,Hidden Loss,✅ Profitable Product
22549,4237.04,2992,244,195,0,4237.04,0,4237.04,2,Hidden Loss,✅ Profitable Product
22550,3780.71,1094,178,136,2,3810.71,-30,3780.71,2,Hidden Loss,✅ Profitable Product
22551,12103.95,7635,587,339,8,12151.8,-47.85,12103.95,1,Stable,✅ Profitable Product
22553,6367.2,3952,446,283,7,6505.8,-138.6,6367.2,2,Hidden Loss,✅ Profitable Product
22554,11589.58,7278,592,352,5,11637.43,-47.85,11589.58,2,Hidden Loss,✅ Profitable Product
22555,9427.64,5864,453,294,4,9462.29,-34.65,9427.64,2,Hidden Loss,✅ Profitable Product
22556,9488.06,5886,531,306,10,9596.96,-108.9,9488.06,2,Hidden Loss,✅ Profitable Product
22557,7302.14,4546,484,316,4,7346.69,-44.55,7302.14,2,Hidden Loss,✅ Profitable Product
22558,12478.8,8376,650,364,11,12545.38,-66.58,12478.8,1,Stable,✅ Profitable Product
22559,472.77,387,39,33,0,472.77,0,472.77,0,Low Demand,✅ Profitable Product
22560,9310.41,8013,337,229,1,9311.47,-1.06,9310.41,2,Hidden Loss,✅ Profitable Product
22561,8667.87,5419,398,288,3,9072.87,-405,8667.87,2,Hidden Loss,✅ Profitable Product
22562,1720.42,1398,190,149,0,1720.42,0,1720.42,2,Hidden Loss,✅ Profitable Product
22563,3253.35,2784,253,171,1,3254.6,-1.25,3253.35,2,Hidden Loss,✅ Profitable Product
22564,2547.52,2241,166,120,1,3005.44,-457.92,2547.52,0,Low Demand,✅ Profitable Product
22565,712.46,818,108,85,0,712.46,0,712.46,0,Low Demand,✅ Profitable Product
22566,721.38,834,118,94,0,721.38,0,721.38,0,Low Demand,✅ Profitable Product
22567,3028,2352,185,135,3,3048.2,-20.2,3028,2,Hidden Loss,✅ Profitable Product
22568,10754.23,2982,424,245,8,11783.05,-1028.82,10754.23,2,Hidden Loss,✅ Profitable Product
22569,8997.1,2504,297,193,3,9655.48,-658.38,8997.1,2,Hidden Loss,✅ Profitable Product
22570,9862.46,2773,327,202,3,10694.81,-832.35,9862.46,2,Hidden Loss,✅ Profitable Product
22571,1733.38,2098,179,152,3,1813.55,-80.17,1733.38,2,Hidden Loss,✅ Profitable Product
22572,1050.29,1265,126,114,0,1050.29,0,1050.29,0,Low Demand,✅ Profitable Product
22573,2040.81,2445,154,127,0,2040.81,0,2040.81,0,Low Demand,✅ Profitable Product
22574,1716.3,1932,158,132,1,1854.54,-138.24,1716.3,0,Low Demand,✅ Profitable Product
22575,1148.4,616,77,62,1,1160.1,-11.7,1148.4,0,Low Demand,✅ Profitable Product
22576,1213.53,1413,126,102,1,1218.63,-5.1,1213.53,0,Low Demand,✅ Profitable Product
22577,3333.43,9683,465,344,2,3416.48,-83.05,3333.43,2,Hidden Loss,✅ Profitable Product
22578,3052.73,9497,436,334,3,3165.22,-112.49,3052.73,2,Hidden Loss,✅ Profitable Product
22579,1583.56,4712,277,227,1,1665.16,-81.6,1583.56,2,Hidden Loss,✅ Profitable Product
22580,4478.68,776,169,129,3,4787.68,-309,4478.68,2,Hidden Loss,✅ Profitable Product
22581,704.02,1088,99,84,1,705.72,-1.7,704.02,0,Low Demand,✅ Profitable Product
22582,2466.16,1017,78,73,1,2496.76,-30.6,2466.16,0,Low Demand,✅ Profitable Product
22583,1343.85,527,79,73,2,1348.95,-5.1,1343.85,0,Low Demand,✅ Profitable Product
22584,5458.34,2226,155,127,2,5496.59,-38.25,5458.34,2,Hidden Loss,✅ Profitable Product
22585,7093.45,6017,322,241,3,7149.7,-56.25,7093.45,2,Hidden Loss,✅ Profitable Product
22586,635.8,748,119,100,2,676.6,-40.8,635.8,0,Low Demand,✅ Profitable Product
22587,718.25,845,120,103,0,718.25,0,718.25,0,Low Demand,✅ Profitable Product
22588,1320.54,410,138,111,3,1732.41,-411.87,1320.54,0,Low Demand,✅ Profitable Product
22589,940.49,323,57,46,0,940.49,0,940.49,0,Low Demand,✅ Profitable Product
22591,1094.79,315,69,55,6,1250.84,-156.05,1094.79,0,Low Demand,✅ Profitable Product
22592,1878.58,504,93,80,2,1886.08,-7.5,1878.58,0,Low Demand,✅ Profitable Product
22593,1633.29,1905,139,107,1,1736.97,-103.68,1633.29,0,Low Demand,✅ Profitable Product
22594,1479.21,1743,126,93,1,1480.06,-0.85,1479.21,0,Low Demand,✅ Profitable Product
22595,5175.18,6372,362,275,1,5278.86,-103.68,5175.18,2,Hidden Loss,✅ Profitable Product
22596,3536.98,3265,240,197,6,3567.7,-30.72,3536.98,2,Hidden Loss,✅ Profitable Product
22597,944.78,2500,120,95,2,973.68,-28.9,944.78,0,Low Demand,✅ Profitable Product
22598,286.23,809,52,42,1,291.33,-5.1,286.23,0,Low Demand,✅ Profitable Product
22599,507.81,1465,71,58,1,528.21,-20.4,507.81,0,Low Demand,✅ Profitable Product
22600,1279.74,1512,146,122,3,1303.54,-23.8,1279.74,0,Low Demand,✅ Profitable Product
22601,1824.02,2234,153,121,3,1827.42,-3.4,1824.02,0,Low Demand,✅ Profitable Product
22602,1613.42,1922,176,142,2,1647.42,-34,1613.42,2,Hidden Loss,✅ Profitable Product
22603,1078.78,1282,127,112,2,1089.83,-11.05,1078.78,0,Low Demand,✅ Profitable Product
22604,2647.96,1173,108,77,0,2647.96,0,2647.96,0,Low Demand,✅ Profitable Product
22605,9458.98,701,247,182,7,9555.98,-97,9458.98,2,Hidden Loss,✅ Profitable Product
22606,4218.5,294,140,112,8,4336.75,-118.25,4218.5,2,Hidden Loss,✅ Profitable Product
22607,11564.24,1265,307,224,4,11601.14,-36.9,11564.24,2,Hidden Loss,✅ Profitable Product
22608,983.4,4926,85,63,1,984.73,-1.33,983.4,0,Low Demand,✅ Profitable Product
22609,1213.04,5600,119,89,1,1219.88,-6.84,1213.04,0,Low Demand,✅ Profitable Product
22610,2320.58,9146,171,123,0,2320.58,0,2320.58,2,Hidden Loss,✅ Profitable Product
22611,1016.85,219,40,36,0,1016.85,0,1016.85,0,Low Demand,✅ Profitable Product
22613,1141.88,1478,115,82,1,1150.38,-8.5,1141.88,0,Low Demand,✅ Profitable Product
22614,946.86,2920,174,133,4,961.29,-14.43,946.86,2,Hidden Loss,✅ Profitable Product
22615,613.74,2012,70,61,1,618.42,-4.68,613.74,0,Low Demand,✅ Profitable Product
22616,7258.55,25321,384,195,2,7266.71,-8.16,7258.55,1,Stable,✅ Profitable Product
22617,10068.74,2124,439,300,15,10210.89,-142.15,10068.74,2,Hidden Loss,✅ Profitable Product
22618,447.48,46,28,25,3,621.66,-174.18,447.48,0,Low Demand,✅ Profitable Product
22619,8582.5,2293,340,250,1,8597.5,-15,8582.5,2,Hidden Loss,✅ Profitable Product
22620,5957.18,4489,365,260,1,5960.08,-2.9,5957.18,2,Hidden Loss,✅ Profitable Product
22621,9233.12,5844,513,366,4,9297.87,-64.75,9233.12,2,Hidden Loss,✅ Profitable Product
22622,12884.31,1282,236,174,5,13035.66,-151.35,12884.31,2,Hidden Loss,✅ Profitable Product
22623,4946.37,904,224,166,5,5031.57,-85.2,4946.37,2,Hidden Loss,✅ Profitable Product
22624,14620.03,1762,629,376,10,14788.33,-168.3,14620.03,1,Stable,✅ Profitable Product
22625,11697.68,1452,466,293,18,11895.73,-198.05,11697.68,2,Hidden Loss,✅ Profitable Product
22626,4083.03,495,187,134,4,4159.53,-76.5,4083.03,2,Hidden Loss,✅ Profitable Product
22627,6482.58,777,317,194,13,6599.79,-117.21,6482.58,2,Hidden Loss,✅ Profitable Product
22628,3508.3,754,129,85,11,3612.25,-103.95,3508.3,0,Low Demand,⚠️ High Return Risk
22629,24601.89,13865,712,322,8,24694.59,-92.7,24601.89,1,Stable,✅ Profitable Product
22630,19668.34,11070,625,288,9,20129.44,-461.1,19668.34,1,Stable,✅ Profitable Product
22631,6058.28,3342,261,168,5,6122.63,-64.35,6058.28,2,Hidden Loss,✅ Profitable Product
22632,8717.17,4377,366,262,7,8751.12,-33.95,8717.17,2,Hidden Loss,✅ Profitable Product
22633,9495.96,4720,448,301,7,9550.56,-54.6,9495.96,2,Hidden Loss,✅ Profitable Product
22634,6300,690,226,156,23,6681.85,-381.85,6300,2,Hidden Loss,✅ Profitable Product
22635,5335.95,573,187,143,8,6063,-727.05,5335.95,2,Hidden Loss,✅ Profitable Product
22636,4416.6,536,196,141,14,4656.3,-239.7,4416.6,2,Hidden Loss,⚠️ High Return Risk
22637,6172.37,2564,285,191,23,6308.57,-136.2,6172.37,2,Hidden Loss,✅ Profitable Product
22638,391.87,254,39,37,1,394.42,-2.55,391.87,0,Low Demand,✅ Profitable Product
22639,1733.37,763,127,101,0,1733.37,0,1733.37,0,Low Demand,✅ Profitable Product
22640,344.22,186,41,33,0,344.22,0,344.22,0,Low Demand,✅ Profitable Product
22641,225.92,112,24,23,0,225.92,0,225.92,0,Low Demand,✅ Profitable Product
22642,516.8,253,43,39,0,516.8,0,516.8,0,Low Demand,✅ Profitable Product
22643,334.63,185,30,29,0,334.63,0,334.63,0,Low Demand,✅ Profitable Product
22644,2315.73,2043,192,147,4,2328.78,-13.05,2315.73,2,Hidden Loss,✅ Profitable Product
22645,2231.48,1740,237,161,4,2255.93,-24.45,2231.48,2,Hidden Loss,✅ Profitable Product
22646,4715.01,3896,288,185,9,4756.91,-41.9,4715.01,2,Hidden Loss,✅ Profitable Product
22647,412.45,709,37,34,1,429.85,-17.4,412.45,0,Low Demand,✅ Profitable Product
22649,3458.55,711,180,87,20,3653.75,-195.2,3458.55,2,Hidden Loss,⚠️ High Return Risk
22650,1131.65,797,108,78,2,1136,-4.35,1131.65,0,Low Demand,✅ Profitable Product
22651,1602.72,1992,94,73,0,1602.72,0,1602.72,0,Low Demand,✅ Profitable Product
22652,7762.61,4849,399,263,5,7787.36,-24.75,7762.61,2,Hidden Loss,✅ Profitable Product
22653,1964.16,1042,120,74,2,2022.66,-58.5,1964.16,0,Low Demand,✅ Profitable Product
22654,5781.27,1025,236,159,14,5974.62,-193.35,5781.27,2,Hidden Loss,✅ Profitable Product
22655,6394.5,50,46,35,8,8125,-1730.5,6394.5,0,Low Demand,✅ Profitable Product
22656,2885,20,26,19,6,3685,-800,2885,0,Low Demand,✅ Profitable Product
22659,18807.22,10772,522,214,18,19353.22,-546,18807.22,1,Stable,✅ Profitable Product
22660,2157.33,327,69,56,0,2157.33,0,2157.33,0,Low Demand,✅ Profitable Product
22661,4017.4,5072,347,172,4,4028.19,-10.79,4017.4,2,Hidden Loss,✅ Profitable Product
22662,10334.29,6529,605,312,7,10360.69,-26.4,10334.29,2,Hidden Loss,✅ Profitable Product
22663,5986.96,3086,319,171,2,6008.41,-21.45,5986.96,2,Hidden Loss,✅ Profitable Product
22664,1152.98,630,105,62,3,1178.18,-25.2,1152.98,0,Low Demand,✅ Profitable Product
22665,3362.91,1197,240,163,9,3425.01,-62.1,3362.91,2,Hidden Loss,✅ Profitable Product
22666,20438.22,7222,875,473,47,20859.27,-421.05,20438.22,1,Stable,✅ Profitable Product
22667,7692.15,2777,462,233,22,7952.9,-260.75,7692.15,2,Hidden Loss,✅ Profitable Product
22668,5291.11,1905,207,162,3,5448.11,-157,5291.11,2,Hidden Loss,✅ Profitable Product
22669,2842.15,977,168,143,1,2969.65,-127.5,2842.15,2,Hidden Loss,✅ Profitable Product
22670,2187.74,1749,210,141,2,2193.99,-6.25,2187.74,2,Hidden Loss,✅ Profitable Product
22671,1463.86,918,104,76,1,1465.31,-1.45,1463.86,0,Low Demand,✅ Profitable Product
22672,2201.22,1366,161,125,3,2227.62,-26.4,2201.22,0,Low Demand,✅ Profitable Product
22673,945.58,760,111,85,1,960.58,-15,945.58,0,Low Demand,✅ Profitable Product
22674,1520.46,1261,146,106,2,1536.71,-16.25,1520.46,0,Low Demand,✅ Profitable Product
22675,1390.14,1149,126,94,3,1423.89,-33.75,1390.14,0,Low Demand,✅ Profitable Product
22676,1289.89,1029,140,61,2,1303.64,-13.75,1289.89,0,Low Demand,✅ Profitable Product
22677,1078.76,863,115,59,2,1092.51,-13.75,1078.76,0,Low Demand,✅ Profitable Product
22678,927.43,740,104,59,2,941.18,-13.75,927.43,0,Low Demand,✅ Profitable Product
22679,798.07,637,92,54,1,810.57,-12.5,798.07,0,Low Demand,✅ Profitable Product
22680,894.97,715,102,61,2,932.47,-37.5,894.97,0,Low Demand,✅ Profitable Product
22681,770.76,615,84,45,3,785.57,-14.81,770.76,0,Low Demand,✅ Profitable Product
22682,759.36,607,81,52,2,773.11,-13.75,759.36,0,Low Demand,✅ Profitable Product
22683,705.57,563,82,54,2,720.57,-15,705.57,0,Low Demand,✅ Profitable Product
22684,563.15,451,63,41,3,579.4,-16.25,563.15,0,Low Demand,✅ Profitable Product
22685,665.65,533,71,49,1,678.15,-12.5,665.65,0,Low Demand,✅ Profitable Product
22686,967.2,835,75,40,2,997.2,-30,967.2,0,Low Demand,✅ Profitable Product
22687,2991.7,568,35,30,0,2991.7,0,2991.7,0,Low Demand,✅ Profitable Product
22688,3442.04,700,27,26,0,3442.04,0,3442.04,0,Low Demand,✅ Profitable Product
22689,3986.44,562,114,95,2,4340.44,-354,3986.44,0,Low Demand,✅ Profitable Product
22690,9587.59,1591,265,198,4,9635.89,-48.3,9587.59,2,Hidden Loss,✅ Profitable Product
22691,2244.49,341,97,65,2,2268.64,-24.15,2244.49,0,Low Demand,✅ Profitable Product
22692,9444.23,1375,340,231,2,9468.08,-23.85,9444.23,2,Hidden Loss,✅ Profitable Product
22693,17136.2,15868,241,167,2,17226.2,-90,17136.2,1,Stable,✅ Profitable Product
22694,3228,1560,307,229,4,3337.2,-109.2,3228,2,Hidden Loss,✅ Profitable Product
22695,850.87,695,96,82,0,850.87,0,850.87,0,Low Demand,✅ Profitable Product
22696,1307.36,694,123,108,0,1307.36,0,1307.36,0,Low Demand,✅ Profitable Product
22697,17413.29,6287,733,390,42,17806.34,-393.05,17413.29,1,Stable,✅ Profitable Product
22698,14381.99,5205,591,321,35,14769.49,-387.5,14381.99,1,Stable,✅ Profitable Product
22699,23721.15,8697,836,427,53,24865.6,-1144.45,23721.15,1,Stable,✅ Profitable Product
22700,2553.38,1172,52,41,4,2584.68,-31.3,2553.38,0,Low Demand,✅ Profitable Product
22701,570.24,420,57,39,5,613.24,-43,570.24,0,Low Demand,✅ Profitable Product
22702,2661.9,1357,43,35,0,2661.9,0,2661.9,0,Low Demand,✅ Profitable Product
22703,249.42,168,40,30,0,249.42,0,249.42,0,Low Demand,✅ Profitable Product
22704,2146.5,5225,175,129,2,2167.5,-21,2146.5,2,Hidden Loss,✅ Profitable Product
22705,787.5,1875,75,61,1,798,-10.5,787.5,0,Low Demand,✅ Profitable Product
22706,834.5,2025,70,64,1,845,-10.5,834.5,0,Low Demand,✅ Profitable Product
22707,525,1250,47,41,0,525,0,525,0,Low Demand,✅ Profitable Product
22708,1139,2750,100,79,1,1149.5,-10.5,1139,0,Low Demand,✅ Profitable Product
22709,528.5,1325,39,38,0,528.5,0,528.5,0,Low Demand,✅ Profitable Product
22710,1732,4400,101,79,1,1742.5,-10.5,1732,0,Low Demand,✅ Profitable Product
22711,1171.34,2827,101,89,1,1181.84,-10.5,1171.34,0,Low Demand,✅ Profitable Product
22712,1710.87,4294,216,141,3,1721.37,-10.5,1710.87,2,Hidden Loss,✅ Profitable Product
22713,1308.76,3301,150,109,1,1312.12,-3.36,1308.76,0,Low Demand,✅ Profitable Product
22714,1319.85,3355,156,125,1,1324.89,-5.04,1319.85,0,Low Demand,✅ Profitable Product
22715,615.24,1506,98,78,0,615.24,0,615.24,0,Low Demand,✅ Profitable Product
22716,1272.27,3088,214,167,0,1272.27,0,1272.27,2,Hidden Loss,✅ Profitable Product
22717,487.08,1170,87,69,0,487.08,0,487.08,0,Low Demand,✅ Profitable Product
22718,636.48,1536,106,70,2,646.56,-10.08,636.48,0,Low Demand,✅ Profitable Product
22719,496.9,453,38,25,4,508.07,-11.17,496.9,0,Low Demand,✅ Profitable Product
22720,32607.8,6864,1218,640,73,33347.8,-740,32607.8,1,Stable,✅ Profitable Product
22721,3949.72,910,246,183,0,3949.72,0,3949.72,2,Hidden Loss,✅ Profitable Product
22722,20412,5342,665,393,12,20530,-118,20412,1,Stable,✅ Profitable Product
22723,3697.99,1057,237,170,2,3705.89,-7.9,3697.99,2,Hidden Loss,✅ Profitable Product
22725,6386.76,1726,335,174,16,6574.26,-187.5,6386.76,2,Hidden Loss,✅ Profitable Product
22726,20756.65,5608,809,323,23,20880.4,-123.75,20756.65,1,Stable,✅ Profitable Product
22727,25647.7,7147,907,391,33,25925.2,-277.5,25647.7,1,Stable,✅ Profitable Product
22728,18415.34,5033,629,292,17,18569.09,-153.75,18415.34,1,Stable,✅ Profitable Product
22729,7879.74,2151,376,181,18,7995.63,-115.89,7879.74,2,Hidden Loss,✅ Profitable Product
22730,10124.36,2685,480,242,14,10285.61,-161.25,10124.36,2,Hidden Loss,✅ Profitable Product
22731,1344.45,1061,106,85,1,1361.95,-17.5,1344.45,0,Low Demand,✅ Profitable Product
22732,1930.38,1522,126,102,0,1930.38,0,1930.38,0,Low Demand,✅ Profitable Product
22733,1882.31,1471,141,119,0,1882.31,0,1882.31,0,Low Demand,✅ Profitable Product
22734,7965.13,2813,333,278,4,8051.83,-86.7,7965.13,2,Hidden Loss,✅ Profitable Product
22735,1106.13,673,86,73,0,1106.13,0,1106.13,0,Low Demand,✅ Profitable Product
22736,1804.01,1089,154,130,2,1825.46,-21.45,1804.01,0,Low Demand,✅ Profitable Product
22737,2009.39,1187,189,148,2,2075.39,-66,2009.39,2,Hidden Loss,✅ Profitable Product
22738,3028.93,1877,178,147,2,3219.43,-190.5,3028.93,2,Hidden Loss,✅ Profitable Product
22739,2687.94,1578,205,168,1,2704.44,-16.5,2687.94,2,Hidden Loss,✅ Profitable Product
22740,5475.25,6625,107,89,0,5475.25,0,5475.25,2,Hidden Loss,✅ Profitable Product
22741,6967.59,8277,158,107,3,7010.94,-43.35,6967.59,2,Hidden Loss,✅ Profitable Product
22742,1239.98,626,89,78,1,1245.88,-5.9,1239.98,0,Low Demand,✅ Profitable Product
22743,2012.91,861,149,116,1,2030.61,-17.7,2012.91,0,Low Demand,✅ Profitable Product
22744,1875.23,825,148,123,2,1898.83,-23.6,1875.23,0,Low Demand,✅ Profitable Product
22745,3662.65,1775,319,216,3,3689.95,-27.3,3662.65,2,Hidden Loss,✅ Profitable Product
22746,2707.82,1307,254,179,2,2733.02,-25.2,2707.82,2,Hidden Loss,✅ Profitable Product
22747,1800.9,879,169,123,0,1800.9,0,1800.9,0,Low Demand,✅ Profitable Product
22748,3906.41,1882,349,233,3,3933.71,-27.3,3906.41,2,Hidden Loss,✅ Profitable Product
22749,8071.51,2223,401,275,0,8071.51,0,8071.51,2,Hidden Loss,✅ Profitable Product
22750,7144.44,1958,380,247,2,7166.94,-22.5,7144.44,2,Hidden Loss,✅ Profitable Product
22751,5438.6,1512,252,184,1,5446.1,-7.5,5438.6,2,Hidden Loss,✅ Profitable Product
22752,11713.29,1530,302,188,5,12665.29,-952,11713.29,2,Hidden Loss,✅ Profitable Product
22753,614.63,918,166,98,0,614.63,0,614.63,0,Low Demand,✅ Profitable Product
22754,1106.44,1802,194,120,0,1106.44,0,1106.44,0,Low Demand,✅ Profitable Product
22755,1012.78,1577,193,110,0,1012.78,0,1012.78,0,Low Demand,✅ Profitable Product
22756,546.88,554,93,68,0,546.88,0,546.88,0,Low Demand,✅ Profitable Product
22757,949.21,1008,114,81,1,950.46,-1.25,949.21,0,Low Demand,✅ Profitable Product
22758,942.02,1122,127,85,0,942.02,0,942.02,0,Low Demand,✅ Profitable Product
22759,8244.15,5183,321,253,2,8283.75,-39.6,8244.15,2,Hidden Loss,✅ Profitable Product
22760,3015.15,253,72,50,6,3089.85,-74.7,3015.15,0,Low Demand,✅ Profitable Product
22761,777.4,32,25,21,1,821.3,-43.9,777.4,0,Low Demand,✅ Profitable Product
22762,1826.05,127,94,74,7,2070.95,-244.9,1826.05,0,Low Demand,✅ Profitable Product
22763,1815.9,186,96,76,3,1865.65,-49.75,1815.9,0,Low Demand,✅ Profitable Product
22764,49.9,2,3,2,1,74.85,-24.95,49.9,0,Low Demand,📉 Low Performance
22765,257.37,25,3,3,0,257.37,0,257.37,0,Low Demand,✅ Profitable Product
22766,9244.83,3165,469,280,15,9365.78,-120.95,9244.83,2,Hidden Loss,✅ Profitable Product
22767,6584.58,726,225,154,17,6932.83,-348.25,6584.58,2,Hidden Loss,✅ Profitable Product
22768,7291.54,801,258,186,25,7646.84,-355.3,7291.54,2,Hidden Loss,✅ Profitable Product
22769,-87.8,-4,5,4,2,137.7,-225.5,-87.8,0,Low Demand,🚨 Loss Making Product
22770,1163.45,79,59,44,4,1223.25,-59.8,1163.45,0,Low Demand,✅ Profitable Product
22771,6885.67,5723,325,169,4,6923.17,-37.5,6885.67,2,Hidden Loss,✅ Profitable Product
22772,3922.97,3342,172,85,2,3926.72,-3.75,3922.97,2,Hidden Loss,✅ Profitable Product
22773,2242.52,1852,145,82,0,2242.52,0,2242.52,0,Low Demand,✅ Profitable Product
22774,2302.46,1991,100,57,3,2322.27,-19.81,2302.46,0,Low Demand,✅ Profitable Product
22775,3134.87,2586,147,80,2,3169.87,-35,3134.87,0,Low Demand,✅ Profitable Product
22776,9707.6,1023,489,333,40,10570.6,-863,9707.6,2,Hidden Loss,✅ Profitable Product
22777,2556.8,326,46,37,4,2598.45,-41.65,2556.8,0,Low Demand,✅ Profitable Product
22778,2520.63,693,125,81,18,2743.75,-223.12,2520.63,2,Hidden Loss,⚠️ High Return Risk
22779,5675.1,1510,153,88,6,5781.35,-106.25,5675.1,2,Hidden Loss,✅ Profitable Product
22780,4912.59,1315,138,82,8,5018.84,-106.25,4912.59,2,Hidden Loss,✅ Profitable Product
22781,3564.44,484,173,121,13,3916.79,-352.35,3564.44,2,Hidden Loss,⚠️ High Return Risk
22782,3399.95,241,74,65,0,3399.95,0,3399.95,0,Low Demand,✅ Profitable Product
22783,5922.12,462,32,29,0,5922.12,0,5922.12,0,Low Demand,✅ Profitable Product
22784,5520.57,1173,286,194,27,5721.42,-200.85,5520.57,2,Hidden Loss,✅ Profitable Product
22785,797.44,212,54,48,0,797.44,0,797.44,0,Low Demand,✅ Profitable Product
22786,576.64,108,37,31,0,576.64,0,576.64,0,Low Demand,✅ Profitable Product
22788,1677.25,199,50,35,4,1734.05,-56.8,1677.25,0,Low Demand,✅ Profitable Product
22789,1603.89,837,127,101,1,1605.84,-1.95,1603.89,0,Low Demand,✅ Profitable Product
22791,8186.14,7159,270,184,10,8378.89,-192.75,8186.14,2,Hidden Loss,✅ Profitable Product
22792,1878.11,2301,129,100,1,1888.31,-10.2,1878.11,0,Low Demand,✅ Profitable Product
22794,2333.25,295,161,114,4,2373,-39.75,2333.25,0,Low Demand,✅ Profitable Product
22795,7006.2,1082,290,170,3,7084.65,-78.45,7006.2,2,Hidden Loss,✅ Profitable Product
22796,4853.4,499,234,146,22,5377.45,-524.05,4853.4,2,Hidden Loss,⚠️ High Return Risk
22797,2221.74,132,89,63,10,2459.04,-237.3,2221.74,0,Low Demand,✅ Profitable Product
22798,4554.26,1598,205,126,17,4687.01,-132.75,4554.26,2,Hidden Loss,⚠️ High Return Risk
22799,1497.8,198,79,70,0,1497.8,0,1497.8,0,Low Demand,✅ Profitable Product
22800,2794.63,759,143,109,5,2817.13,-22.5,2794.63,0,Low Demand,✅ Profitable Product
22801,3152.46,871,170,124,11,3223.35,-70.89,3152.46,2,Hidden Loss,⚠️ High Return Risk
22802,1055.7,66,34,30,0,1055.7,0,1055.7,0,Low Demand,✅ Profitable Product
22803,1715.9,46,25,18,0,1715.9,0,1715.9,0,Low Demand,✅ Profitable Product
22804,6792.71,2693,417,253,8,7247.91,-455.2,6792.71,2,Hidden Loss,✅ Profitable Product
22805,1907.93,1561,124,77,2,1924.18,-16.25,1907.93,0,Low Demand,✅ Profitable Product
22806,595.65,243,28,28,0,595.65,0,595.65,0,Low Demand,✅ Profitable Product
22807,1796.64,676,107,74,0,1796.64,0,1796.64,0,Low Demand,✅ Profitable Product
22808,846.7,302,55,51,1,899.8,-53.1,846.7,0,Low Demand,✅ Profitable Product
22809,3451.66,1174,175,142,2,3517.66,-66,3451.66,2,Hidden Loss,✅ Profitable Product
22810,2651.98,854,139,106,2,2792.08,-140.1,2651.98,0,Low Demand,✅ Profitable Product
22811,1984.98,774,56,38,1,1987.93,-2.95,1984.98,0,Low Demand,✅ Profitable Product
22812,2923.82,1550,125,98,3,2964.77,-40.95,2923.82,0,Low Demand,✅ Profitable Product
22813,4203.33,2265,154,116,0,4203.33,0,4203.33,2,Hidden Loss,✅ Profitable Product
22814,633.78,1581,95,75,0,633.78,0,633.78,0,Low Demand,✅ Profitable Product
22815,747.24,1810,113,79,0,747.24,0,747.24,0,Low Demand,✅ Profitable Product
22816,1420.2,3438,176,158,0,1420.2,0,1420.2,2,Hidden Loss,✅ Profitable Product
22817,763.08,1858,126,79,0,763.08,0,763.08,0,Low Demand,✅ Profitable Product
22818,1279.08,3066,165,151,3,1319.4,-40.32,1279.08,2,Hidden Loss,✅ Profitable Product
22819,758.88,1848,126,94,0,758.88,0,758.88,0,Low Demand,✅ Profitable Product
22820,493.53,759,46,43,1,494.83,-1.3,493.53,0,Low Demand,✅ Profitable Product
22821,534.66,822,67,52,1,542.46,-7.8,534.66,0,Low Demand,✅ Profitable Product
22822,2390.76,415,146,121,2,2402.66,-11.9,2390.76,0,Low Demand,✅ Profitable Product
22823,2745,24,13,13,0,2745,0,2745,0,Low Demand,✅ Profitable Product
22824,1902.3,54,44,42,1,1938.25,-35.95,1902.3,0,Low Demand,✅ Profitable Product
22825,531,68,26,23,1,544.5,-13.5,531,0,Low Demand,✅ Profitable Product
22826,5692.5,54,45,33,4,6210,-517.5,5692.5,0,Low Demand,✅ Profitable Product
22827,5000,32,29,21,3,5415,-415,5000,0,Low Demand,✅ Profitable Product
22828,1530,10,7,7,0,1530,0,1530,0,Low Demand,✅ Profitable Product
22829,1978.85,205,99,80,2,2066.75,-87.9,1978.85,0,Low Demand,✅ Profitable Product
22830,2610.29,131,6,5,0,2610.29,0,2610.29,0,Low Demand,✅ Profitable Product
22831,1960.2,684,104,91,0,1960.2,0,1960.2,0,Low Demand,✅ Profitable Product
22832,1570.2,148,74,65,5,1645.45,-75.25,1570.2,0,Low Demand,✅ Profitable Product
22833,2503.53,75,4,4,0,2503.53,0,2503.53,0,Low Demand,✅ Profitable Product
22834,5843.28,4430,295,199,7,6149.33,-306.05,5843.28,2,Hidden Loss,✅ Profitable Product
22835,12371.58,2626,510,317,5,13847.28,-1475.7,12371.58,2,Hidden Loss,✅ Profitable Product
22837,4321.55,955,136,108,2,4479.2,-157.65,4321.55,0,Low Demand,✅ Profitable Product
22838,7066.18,524,150,119,14,8737.78,-1671.6,7066.18,2,Hidden Loss,✅ Profitable Product
22839,4745.26,350,146,108,10,4954.56,-209.3,4745.26,2,Hidden Loss,✅ Profitable Product
22840,6442.73,871,265,194,15,6600.73,-158,6442.73,2,Hidden Loss,✅ Profitable Product
22841,3792.13,503,208,156,9,3895.48,-103.35,3792.13,2,Hidden Loss,✅ Profitable Product
22842,3482.35,553,160,120,14,3609.8,-127.45,3482.35,2,Hidden Loss,⚠️ High Return Risk
22843,2624.38,424,122,92,8,2691.88,-67.5,2624.38,0,Low Demand,✅ Profitable Product
22844,6551.55,798,300,176,8,6779.35,-227.8,6551.55,2,Hidden Loss,✅ Profitable Product
22845,4119.99,690,244,155,9,4208.09,-88.1,4119.99,2,Hidden Loss,✅ Profitable Product
22846,9197.56,601,266,158,17,9597.31,-399.75,9197.56,2,Hidden Loss,✅ Profitable Product
22847,12494.84,808,372,214,30,13191.69,-696.85,12494.84,2,Hidden Loss,✅ Profitable Product
22848,4421.9,291,119,68,8,4598.35,-176.45,4421.9,0,Low Demand,✅ Profitable Product
22849,4472.11,293,127,79,8,4706.36,-234.25,4472.11,0,Low Demand,✅ Profitable Product
22851,2137.18,2596,288,198,2,2148.23,-11.05,2137.18,2,Hidden Loss,✅ Profitable Product
22852,1486.67,349,110,83,2,1507.92,-21.25,1486.67,0,Low Demand,✅ Profitable Product
22853,1377.45,425,102,76,1,1396.95,-19.5,1377.45,0,Low Demand,✅ Profitable Product
22854,3532.45,747,150,123,3,3547.3,-14.85,3532.45,0,Low Demand,✅ Profitable Product
22855,2969.52,2496,180,152,1,2984.52,-15,2969.52,2,Hidden Loss,✅ Profitable Product
22856,624.03,543,24,21,2,650.28,-26.25,624.03,0,Low Demand,✅ Profitable Product
22857,945.16,1156,58,56,0,945.16,0,945.16,0,Low Demand,✅ Profitable Product
22858,1702.35,1071,113,103,3,1718.85,-16.5,1702.35,0,Low Demand,✅ Profitable Product
22859,1779.9,1118,133,112,6,1832.7,-52.8,1779.9,0,Low Demand,✅ Profitable Product
22860,910.8,552,87,83,2,935.55,-24.75,910.8,0,Low Demand,✅ Profitable Product
22861,481.8,292,38,36,0,481.8,0,481.8,0,Low Demand,✅ Profitable Product
22862,607.75,143,45,42,0,607.75,0,607.75,0,Low Demand,✅ Profitable Product
22863,1910,680,95,77,2,1948.35,-38.35,1910,0,Low Demand,✅ Profitable Product
22865,15979.58,7992,583,375,11,16237.63,-258.05,15979.58,1,Stable,✅ Profitable Product
22866,12064.86,6019,475,330,4,12248.76,-183.9,12064.86,2,Hidden Loss,✅ Profitable Product
22867,11970.13,5948,480,333,6,12081.43,-111.3,11970.13,2,Hidden Loss,✅ Profitable Product
22868,105.3,54,10,10,0,105.3,0,105.3,0,Low Demand,📉 Low Performance
22869,132.6,68,20,19,1,134.55,-1.95,132.6,0,Low Demand,📉 Low Performance
22870,130.65,67,15,14,0,130.65,0,130.65,0,Low Demand,📉 Low Performance
22871,101.4,52,10,10,0,101.4,0,101.4,0,Low Demand,📉 Low Performance
22872,107.25,55,13,13,0,107.25,0,107.25,0,Low Demand,📉 Low Performance
22873,91.65,47,13,12,0,91.65,0,91.65,0,Low Demand,📉 Low Performance
22874,105.3,54,11,10,0,105.3,0,105.3,0,Low Demand,📉 Low Performance
22875,99.45,51,14,14,0,99.45,0,99.45,0,Low Demand,📉 Low Performance
22876,101.4,52,11,11,0,101.4,0,101.4,0,Low Demand,📉 Low Performance
22877,107.25,55,14,13,1,109.2,-1.95,107.25,0,Low Demand,📉 Low Performance
22878,107.1,51,12,11,1,109.2,-2.1,107.1,0,Low Demand,📉 Low Performance
22879,69.34,62,8,6,0,69.34,0,69.34,0,Low Demand,📉 Low Performance
22880,88.84,72,11,8,0,88.84,0,88.84,0,Low Demand,📉 Low Performance
22881,102.49,79,13,9,0,102.49,0,102.49,0,Low Demand,📉 Low Performance
22882,108.34,82,21,13,1,110.29,-1.95,108.34,0,Low Demand,📉 Low Performance
22883,98.59,77,12,9,1,100.54,-1.95,98.59,0,Low Demand,📉 Low Performance
22884,94.69,75,16,12,0,94.69,0,94.69,0,Low Demand,📉 Low Performance
22885,100.54,78,13,10,1,102.49,-1.95,100.54,0,Low Demand,📉 Low Performance
22886,92.74,74,13,8,0,92.74,0,92.74,0,Low Demand,📉 Low Performance
22887,77.14,66,11,8,0,77.14,0,77.14,0,Low Demand,📉 Low Performance
22888,71.29,63,8,7,0,71.29,0,71.29,0,Low Demand,📉 Low Performance
22889,164.58,147,7,6,0,164.58,0,164.58,0,Low Demand,📉 Low Performance
22890,3236.87,337,155,97,12,3505.12,-268.25,3236.87,2,Hidden Loss,⚠️ High Return Risk
22891,1395.76,316,121,70,17,1519.01,-123.25,1395.76,0,Low Demand,⚠️ High Return Risk
22892,2892.66,2365,213,118,17,3007.85,-115.19,2892.66,2,Hidden Loss,⚠️ High Return Risk
22893,583.02,1443,70,45,5,591.84,-8.82,583.02,0,Low Demand,✅ Profitable Product
22894,2821.95,291,109,82,0,2821.95,0,2821.95,0,Low Demand,✅ Profitable Product
22895,5837.54,1974,239,163,1,5855.24,-17.7,5837.54,2,Hidden Loss,✅ Profitable Product
22896,3520.87,1480,223,144,2,3566.77,-45.9,3520.87,2,Hidden Loss,✅ Profitable Product
22897,1789.76,1256,177,135,5,1850.66,-60.9,1789.76,2,Hidden Loss,✅ Profitable Product
22898,4120.85,2201,277,201,0,4120.85,0,4120.85,2,Hidden Loss,✅ Profitable Product
22899,3976.38,1977,262,191,3,3986.88,-10.5,3976.38,2,Hidden Loss,✅ Profitable Product
22900,12515.6,4364,379,194,11,13068.2,-552.6,12515.6,2,Hidden Loss,✅ Profitable Product
22902,2256.18,1188,96,71,2,2306.58,-50.4,2256.18,0,Low Demand,✅ Profitable Product
22903,427.43,153,32,21,0,427.43,0,427.43,0,Low Demand,✅ Profitable Product
22904,5066.74,1766,235,162,1,5072.64,-5.9,5066.74,2,Hidden Loss,✅ Profitable Product
22905,1225.49,478,67,50,0,1225.49,0,1225.49,0,Low Demand,✅ Profitable Product
22906,2590.2,1628,187,150,0,2590.2,0,2590.2,2,Hidden Loss,✅ Profitable Product
22907,4932.32,6062,538,357,5,4966.32,-34,4932.32,2,Hidden Loss,✅ Profitable Product
22908,3328.09,4231,315,212,2,3330.64,-2.55,3328.09,2,Hidden Loss,✅ Profitable Product
22909,6335.07,7863,496,368,7,6530.26,-195.19,6335.07,2,Hidden Loss,✅ Profitable Product
22910,24737.82,9082,709,470,12,25669.27,-931.45,24737.82,1,Stable,✅ Profitable Product
22911,1235.14,434,83,68,2,1246.94,-11.8,1235.14,0,Low Demand,✅ Profitable Product
22912,1193.04,264,92,74,2,1222.74,-29.7,1193.04,0,Low Demand,✅ Profitable Product
22913,1459.89,323,97,78,2,1479.69,-19.8,1459.89,0,Low Demand,✅ Profitable Product
22914,1954.89,423,138,106,4,1979.64,-24.75,1954.89,0,Low Demand,✅ Profitable Product
22915,1081.68,2874,136,110,3,1104.36,-22.68,1081.68,0,Low Demand,✅ Profitable Product
22916,1162.55,1807,187,130,1,1170.35,-7.8,1162.55,0,Low Demand,✅ Profitable Product
22917,1187.9,1846,191,132,1,1195.7,-7.8,1187.9,0,Low Demand,✅ Profitable Product
22918,1114.6,1764,188,130,1,1122.4,-7.8,1114.6,0,Low Demand,✅ Profitable Product
22919,1065.05,1657,192,132,1,1072.85,-7.8,1065.05,0,Low Demand,✅ Profitable Product
22920,1159.3,1802,190,133,2,2000.35,-841.05,1159.3,0,Low Demand,✅ Profitable Product
22921,1051.4,1636,167,116,1,1059.2,-7.8,1051.4,0,Low Demand,✅ Profitable Product
22922,1104.3,1320,92,73,4,1226.4,-122.1,1104.3,0,Low Demand,✅ Profitable Product
22923,908.05,1105,81,65,6,1042.05,-134,908.05,0,Low Demand,✅ Profitable Product
22924,860.75,1031,78,63,4,978.6,-117.85,860.75,0,Low Demand,✅ Profitable Product
22925,2470.07,419,167,125,5,2517.67,-47.6,2470.07,0,Low Demand,✅ Profitable Product
22926,3224.3,554,188,140,6,3313.55,-89.25,3224.3,2,Hidden Loss,✅ Profitable Product
22927,2194.95,381,136,94,7,2278.25,-83.3,2194.95,0,Low Demand,✅ Profitable Product
22928,1499.87,245,92,62,4,1535.57,-35.7,1499.87,0,Low Demand,✅ Profitable Product
22929,1004.75,16,15,13,2,1199.75,-195,1004.75,0,Low Demand,✅ Profitable Product
22930,2314.07,945,146,120,1,2515.67,-201.6,2314.07,0,Low Demand,✅ Profitable Product
22931,1878.61,794,110,95,0,1878.61,0,1878.61,0,Low Demand,✅ Profitable Product
22932,1688.1,752,66,52,2,1950.9,-262.8,1688.1,0,Low Demand,✅ Profitable Product
22933,1934.4,720,93,82,2,2272.2,-337.8,1934.4,0,Low Demand,✅ Profitable Product
22934,1518.35,557,70,65,1,1527.2,-8.85,1518.35,0,Low Demand,✅ Profitable Product
22935,1766.25,601,53,46,1,1964.25,-198,1766.25,0,Low Demand,✅ Profitable Product
22936,568.88,186,34,30,1,766.88,-198,568.88,0,Low Demand,✅ Profitable Product
22937,2392.04,928,138,122,2,2425.19,-33.15,2392.04,0,Low Demand,✅ Profitable Product
22938,4238.33,2261,174,160,4,4355.33,-117,4238.33,2,Hidden Loss,✅ Profitable Product
22939,2119.18,434,104,77,2,2188.48,-69.3,2119.18,0,Low Demand,✅ Profitable Product
22940,7644.43,1867,306,241,4,7722.68,-78.25,7644.43,2,Hidden Loss,✅ Profitable Product
22941,11720.75,1521,273,215,20,12150,-429.25,11720.75,2,Hidden Loss,✅ Profitable Product
22942,3504.4,505,143,116,12,4108.75,-604.35,3504.4,2,Hidden Loss,⚠️ High Return Risk
22943,5833.18,1252,169,133,10,5968.98,-135.8,5833.18,2,Hidden Loss,✅ Profitable Product
22944,1120.01,2691,59,51,2,1125.94,-5.93,1120.01,0,Low Demand,✅ Profitable Product
22945,2266.75,2683,140,118,4,2401.03,-134.28,2266.75,2,Hidden Loss,✅ Profitable Product
22946,5102.25,353,96,66,7,5340,-237.75,5102.25,0,Low Demand,✅ Profitable Product
22947,5007.85,531,107,81,3,5047.6,-39.75,5007.85,0,Low Demand,✅ Profitable Product
22948,1281.46,1450,99,69,1,1286.56,-5.1,1281.46,0,Low Demand,✅ Profitable Product
22949,1352.85,933,88,82,2,1373.15,-20.3,1352.85,0,Low Demand,✅ Profitable Product
22950,6631.75,4855,170,156,4,7045.4,-413.65,6631.75,2,Hidden Loss,✅ Profitable Product
22951,3689.41,7127,359,237,5,3755.41,-66,3689.41,2,Hidden Loss,✅ Profitable Product
22952,7290.65,14447,471,343,4,7431.05,-140.4,7290.65,2,Hidden Loss,✅ Profitable Product
22953,578.63,460,82,61,0,578.63,0,578.63,0,Low Demand,✅ Profitable Product
22954,205,164,29,20,1,206.25,-1.25,205,0,Low Demand,✅ Profitable Product
22955,1929.14,1005,106,91,0,1929.14,0,1929.14,0,Low Demand,✅ Profitable Product
22956,3540.36,1851,173,145,3,3823.56,-283.2,3540.36,2,Hidden Loss,✅ Profitable Product
22957,4809.25,1723,200,179,4,4881.15,-71.9,4809.25,2,Hidden Loss,✅ Profitable Product
22959,1877.92,4576,143,133,3,2003.92,-126,1877.92,2,Hidden Loss,✅ Profitable Product
22960,31658.47,7905,964,574,86,32662.97,-1004.5,31658.47,1,Stable,✅ Profitable Product
22961,20745,14724,880,538,13,21170.75,-425.75,20745,1,Stable,✅ Profitable Product
22962,2879.6,3595,267,181,22,2952.57,-72.97,2879.6,2,Hidden Loss,⚠️ High Return Risk
22963,2361.15,2956,222,165,12,2452.01,-90.86,2361.15,2,Hidden Loss,⚠️ High Return Risk
22964,5005.24,2500,303,218,7,5034.64,-29.4,5005.24,2,Hidden Loss,✅ Profitable Product
22965,2671.82,1292,210,172,4,2726.42,-54.6,2671.82,2,Hidden Loss,✅ Profitable Product
22966,8618.88,7199,556,388,2,8625.13,-6.25,8618.88,2,Hidden Loss,✅ Profitable Product
22967,3165.65,1139,135,122,4,3230.55,-64.9,3165.65,0,Low Demand,✅ Profitable Product
22968,6386.1,709,154,118,10,6574.95,-188.85,6386.1,2,Hidden Loss,✅ Profitable Product
22969,17335.8,11952,526,429,8,17521.6,-185.8,17335.8,1,Stable,✅ Profitable Product
22970,9632.7,4230,279,180,3,9666.3,-33.6,9632.7,2,Hidden Loss,✅ Profitable Product
22971,5565.92,2349,238,165,5,5603.57,-37.65,5565.92,2,Hidden Loss,✅ Profitable Product
22972,2734.61,1681,188,139,8,2790.71,-56.1,2734.61,2,Hidden Loss,✅ Profitable Product
22973,1888.18,1170,115,81,5,1924.48,-36.3,1888.18,0,Low Demand,✅ Profitable Product
22974,2424.99,1503,164,126,7,2457.99,-33,2424.99,2,Hidden Loss,✅ Profitable Product
22975,1404.72,1117,143,110,1,1405.97,-1.25,1404.72,0,Low Demand,✅ Profitable Product
22976,1267.34,1010,114,77,4,1313.59,-46.25,1267.34,0,Low Demand,✅ Profitable Product
22977,1131.21,904,112,98,1,1132.46,-1.25,1131.21,0,Low Demand,✅ Profitable Product
22978,8911.67,2332,209,153,12,9184.28,-272.61,8911.67,2,Hidden Loss,✅ Profitable Product
22979,5678.31,3829,309,225,5,5795.86,-117.55,5678.31,2,Hidden Loss,✅ Profitable Product
22980,3537.84,2208,248,198,6,3661.89,-124.05,3537.84,2,Hidden Loss,✅ Profitable Product
22981,594.7,430,74,58,2,603.4,-8.7,594.7,0,Low Demand,✅ Profitable Product
22982,1278.3,1021,148,120,2,1308.3,-30,1278.3,0,Low Demand,✅ Profitable Product
22983,2024.19,4905,334,223,2,2072.79,-48.6,2024.19,2,Hidden Loss,✅ Profitable Product
22984,1073.74,2678,140,91,0,1073.74,0,1073.74,0,Low Demand,✅ Profitable Product
22985,1487,3750,96,77,0,1487,0,1487,0,Low Demand,✅ Profitable Product
22986,1699.92,4076,155,124,1,1710.42,-10.5,1699.92,2,Hidden Loss,✅ Profitable Product
22987,42,100,4,4,0,42,0,42,0,Low Demand,📉 Low Performance
22988,10017.44,8709,335,198,9,10150.22,-132.78,10017.44,2,Hidden Loss,✅ Profitable Product
22989,8245.17,2673,315,241,4,8323.17,-78,8245.17,2,Hidden Loss,✅ Profitable Product
22990,2141.59,481,151,117,11,2695.29,-553.7,2141.59,2,Hidden Loss,⚠️ High Return Risk
22991,5646.54,3002,239,185,5,6820.74,-1174.2,5646.54,2,Hidden Loss,✅ Profitable Product
22992,7768.59,4207,292,217,7,8950.29,-1181.7,7768.59,2,Hidden Loss,✅ Profitable Product
22993,14095.17,11724,875,431,9,14180.17,-85,14095.17,1,Stable,✅ Profitable Product
22994,870.9,2077,166,89,6,883.5,-12.6,870.9,0,Low Demand,✅ Profitable Product
22995,915.66,2187,186,90,3,936.24,-20.58,915.66,0,Low Demand,✅ Profitable Product
22996,1869.24,4526,296,155,4,1880.16,-10.92,1869.24,2,Hidden Loss,✅ Profitable Product
22997,1027.14,2449,189,101,8,1059.9,-32.76,1027.14,2,Hidden Loss,✅ Profitable Product
22998,4619.06,11592,448,218,11,4693.4,-74.34,4619.06,2,Hidden Loss,⚠️ High Return Risk
22999,1204.8,2872,187,108,2,1206.06,-1.26,1204.8,0,Low Demand,✅ Profitable Product
23000,1259.22,3005,209,126,4,1275.6,-16.38,1259.22,2,Hidden Loss,✅ Profitable Product
23002,817.56,1950,148,85,8,871.32,-53.76,817.56,0,Low Demand,✅ Profitable Product
23003,225.78,541,52,38,0,225.78,0,225.78,0,Low Demand,✅ Profitable Product
23004,706.4,1678,127,73,4,783.68,-77.28,706.4,0,Low Demand,✅ Profitable Product
23005,1788.3,4395,176,105,1,1788.72,-0.42,1788.3,2,Hidden Loss,✅ Profitable Product
23006,679.38,1621,135,88,5,712.14,-32.76,679.38,0,Low Demand,✅ Profitable Product
23007,6963.8,444,145,110,3,7065.5,-101.7,6963.8,2,Hidden Loss,✅ Profitable Product
23008,6449.3,414,124,99,4,6567.95,-118.65,6449.3,2,Hidden Loss,✅ Profitable Product
23009,3262.55,209,61,48,0,3262.55,0,3262.55,0,Low Demand,✅ Profitable Product
23010,4393.9,282,91,73,2,4444.75,-50.85,4393.9,0,Low Demand,✅ Profitable Product
23012,3743.89,1009,203,151,5,3775.49,-31.6,3743.89,2,Hidden Loss,✅ Profitable Product
23013,3191.34,860,183,135,3,3215.04,-23.7,3191.34,2,Hidden Loss,✅ Profitable Product
23014,2924.13,791,163,122,3,2959.68,-35.55,2924.13,0,Low Demand,✅ Profitable Product
23015,247.5,30,18,15,3,305.25,-57.75,247.5,0,Low Demand,✅ Profitable Product
23016,492.9,66,20,19,1,512.85,-19.95,492.9,0,Low Demand,✅ Profitable Product
23017,738.9,63,22,20,1,751.4,-12.5,738.9,0,Low Demand,✅ Profitable Product
23018,587.2,50,20,19,0,587.2,0,587.2,0,Low Demand,✅ Profitable Product
23019,629.05,81,28,26,0,629.05,0,629.05,0,Low Demand,✅ Profitable Product
23020,2018.35,170,78,67,6,2092,-73.65,2018.35,0,Low Demand,✅ Profitable Product
23021,480.1,118,25,24,0,480.1,0,480.1,0,Low Demand,✅ Profitable Product
23022,733.28,386,23,19,2,795.68,-62.4,733.28,0,Low Demand,✅ Profitable Product
23023,427.94,270,24,23,1,431.24,-3.3,427.94,0,Low Demand,✅ Profitable Product
23024,657.08,252,11,8,1,662.06,-4.98,657.08,0,Low Demand,✅ Profitable Product
23025,657.13,311,47,40,1,669.61,-12.48,657.13,0,Low Demand,✅ Profitable Product
23026,989.93,490,55,43,2,1019.05,-29.12,989.93,0,Low Demand,✅ Profitable Product
23027,596.96,287,27,26,0,596.96,0,596.96,0,Low Demand,✅ Profitable Product
23028,1988.64,1240,117,88,3,2000.19,-11.55,1988.64,0,Low Demand,✅ Profitable Product
23029,2034,1256,146,97,8,2080.2,-46.2,2034,0,Low Demand,✅ Profitable Product
23031,1984.5,1226,147,93,9,2017.5,-33,1984.5,0,Low Demand,✅ Profitable Product
23032,3554.1,2218,193,117,11,3630,-75.9,3554.1,2,Hidden Loss,⚠️ High Return Risk
23033,952.45,685,59,42,0,952.45,0,952.45,0,Low Demand,✅ Profitable Product
23034,1323.65,941,79,57,1,1332.35,-8.7,1323.65,0,Low Demand,✅ Profitable Product
23035,2928.64,2080,168,110,2,2941.69,-13.05,2928.64,0,Low Demand,✅ Profitable Product
23036,228.75,183,15,14,0,228.75,0,228.75,0,Low Demand,✅ Profitable Product
23037,315.29,193,18,17,0,315.29,0,315.29,0,Low Demand,✅ Profitable Product
23038,38.03,41,6,4,0,38.03,0,38.03,0,Low Demand,📉 Low Performance
23039,359.1,186,23,22,1,370.8,-11.7,359.1,0,Low Demand,✅ Profitable Product
23040,1318.5,246,36,33,0,1318.5,0,1318.5,0,Low Demand,✅ Profitable Product
23041,979.4,236,49,46,1,1079,-99.6,979.4,0,Low Demand,✅ Profitable Product
23042,591.85,89,26,25,1,658.35,-66.5,591.85,0,Low Demand,✅ Profitable Product
23043,468.75,75,19,18,0,468.75,0,468.75,0,Low Demand,✅ Profitable Product
23044,427.45,103,24,24,0,427.45,0,427.45,0,Low Demand,✅ Profitable Product
23045,398.4,96,24,22,1,481.4,-83,398.4,0,Low Demand,✅ Profitable Product
23046,2091.55,347,34,31,0,2091.55,0,2091.55,0,Low Demand,✅ Profitable Product
23047,333.5,58,25,25,0,333.5,0,333.5,0,Low Demand,✅ Profitable Product
23048,2131.94,532,89,81,4,2264.74,-132.8,2131.94,0,Low Demand,✅ Profitable Product
23049,3548,432,171,103,2,3572.75,-24.75,3548,0,Low Demand,✅ Profitable Product
23050,3755.3,458,177,116,1,3763.55,-8.25,3755.3,0,Low Demand,✅ Profitable Product
23051,2724.85,333,135,95,2,2741.35,-16.5,2724.85,0,Low Demand,✅ Profitable Product
23052,4686.5,570,222,147,1,4694.75,-8.25,4686.5,2,Hidden Loss,✅ Profitable Product
23053,2589.9,318,130,105,1,2598.15,-8.25,2589.9,0,Low Demand,✅ Profitable Product
23054,2197.95,267,110,81,1,2206.2,-8.25,2197.95,0,Low Demand,✅ Profitable Product
23055,698.25,225,40,33,4,1292.97,-594.72,698.25,0,Low Demand,✅ Profitable Product
23056,1045.34,386,43,33,6,2808.41,-1763.07,1045.34,0,Low Demand,✅ Profitable Product
23057,1120.84,340,46,38,5,1660.99,-540.15,1120.84,0,Low Demand,✅ Profitable Product
23058,421.02,486,44,39,0,421.02,0,421.02,0,Low Demand,✅ Profitable Product
23060,507.52,244,39,34,0,507.52,0,507.52,0,Low Demand,✅ Profitable Product
23061,1196.21,961,89,76,1,1199.96,-3.75,1196.21,0,Low Demand,✅ Profitable Product
23064,2103.55,149,32,20,10,3617.6,-1514.05,2103.55,0,Low Demand,✅ Profitable Product
23065,3102.8,256,93,81,1,3115.3,-12.5,3102.8,0,Low Demand,✅ Profitable Product
23066,1955.4,244,77,69,1,1963.65,-8.25,1955.4,0,Low Demand,✅ Profitable Product
23067,1149.55,277,71,63,0,1149.55,0,1149.55,0,Low Demand,✅ Profitable Product
23068,1937.21,805,130,106,0,1937.21,0,1937.21,0,Low Demand,✅ Profitable Product
23069,556.25,89,31,27,0,556.25,0,556.25,0,Low Demand,✅ Profitable Product
23070,610.05,147,33,29,0,610.05,0,610.05,0,Low Demand,✅ Profitable Product
23071,796.1,241,21,16,4,1230.1,-434,796.1,0,Low Demand,✅ Profitable Product
23072,715,254,24,21,2,1099,-384,715,0,Low Demand,✅ Profitable Product
23073,1681.5,141,60,49,1,1694,-12.5,1681.5,0,Low Demand,✅ Profitable Product
23074,439.86,219,36,32,1,452.34,-12.48,439.86,0,Low Demand,✅ Profitable Product
23075,1790.2,436,83,61,6,1931.3,-141.1,1790.2,0,Low Demand,✅ Profitable Product
23076,9633.16,7892,250,202,2,9668.16,-35,9633.16,2,Hidden Loss,✅ Profitable Product
23077,11565.7,9602,311,217,3,11640.7,-75,11565.7,2,Hidden Loss,✅ Profitable Product
23078,8017.31,6559,215,159,2,8077.31,-60,8017.31,2,Hidden Loss,✅ Profitable Product
23079,2091.2,236,111,83,7,2216.5,-125.3,2091.2,0,Low Demand,✅ Profitable Product
23080,7871.28,992,228,148,7,7962.03,-90.75,7871.28,2,Hidden Loss,✅ Profitable Product
23081,3565.14,448,118,80,3,3614.64,-49.5,3565.14,0,Low Demand,✅ Profitable Product
23082,8026.27,2237,269,205,6,8129.43,-103.16,8026.27,2,Hidden Loss,✅ Profitable Product
23083,6525.46,1797,212,162,3,6739.63,-214.17,6525.46,2,Hidden Loss,✅ Profitable Product
23084,51137.8,27094,816,450,15,51346.2,-208.4,51137.8,1,Stable,✅ Profitable Product
23085,3360.95,361,77,64,5,3489.7,-128.75,3360.95,0,Low Demand,✅ Profitable Product
23086,1351.54,1178,37,31,1,1371.54,-20,1351.54,0,Low Demand,✅ Profitable Product
23087,978.43,815,50,43,1,997.18,-18.75,978.43,0,Low Demand,✅ Profitable Product
23088,947.18,760,57,52,0,947.18,0,947.18,0,Low Demand,✅ Profitable Product
23089,3471.57,2121,141,101,7,3497.22,-25.65,3471.57,2,Hidden Loss,✅ Profitable Product
23090,1716.15,2121,123,96,1,1723.62,-7.47,1716.15,0,Low Demand,✅ Profitable Product
23091,3444.5,563,196,160,4,3488.25,-43.75,3444.5,2,Hidden Loss,✅ Profitable Product
23092,3506.31,499,134,96,9,3584.06,-77.75,3506.31,0,Low Demand,✅ Profitable Product
23093,2117.69,913,125,105,2,2125.16,-7.47,2117.69,0,Low Demand,✅ Profitable Product
23094,1812.5,145,76,65,2,1837.5,-25,1812.5,0,Low Demand,✅ Profitable Product
23096,1629.83,1007,117,89,0,1629.83,0,1629.83,0,Low Demand,✅ Profitable Product
23099,805.7,124,58,46,4,858.9,-53.2,805.7,0,Low Demand,✅ Profitable Product
23100,2564.6,2092,214,180,1,2565.85,-1.25,2564.6,2,Hidden Loss,✅ Profitable Product
23101,1574.6,1948,190,175,0,1574.6,0,1574.6,2,Hidden Loss,✅ Profitable Product
23102,1006.95,1245,139,128,0,1006.95,0,1006.95,0,Low Demand,✅ Profitable Product
23103,6409.95,3911,319,231,3,6456.15,-46.2,6409.95,2,Hidden Loss,✅ Profitable Product
23104,1355.5,116,44,38,0,1355.5,0,1355.5,0,Low Demand,✅ Profitable Product
23106,734.59,271,51,49,1,769.27,-34.68,734.59,0,Low Demand,✅ Profitable Product
23107,919.8,340,61,60,0,919.8,0,919.8,0,Low Demand,✅ Profitable Product
23108,12667.63,2130,369,271,18,12985.23,-317.6,12667.63,2,Hidden Loss,✅ Profitable Product
23109,6289.21,2229,229,178,1,6528.25,-239.04,6289.21,2,Hidden Loss,✅ Profitable Product
23110,3391.95,613,247,158,28,3685.2,-293.25,3391.95,2,Hidden Loss,⚠️ High Return Risk
23111,3181.6,272,140,80,16,3464.8,-283.2,3181.6,2,Hidden Loss,⚠️ High Return Risk
23112,3204.95,439,202,134,19,3444.8,-239.85,3204.95,2,Hidden Loss,⚠️ High Return Risk
23113,892.8,192,49,39,6,5695.86,-4803.06,892.8,0,Low Demand,✅ Profitable Product
23114,669.15,141,43,40,2,684,-14.85,669.15,0,Low Demand,✅ Profitable Product
23115,698.85,147,38,38,0,698.85,0,698.85,0,Low Demand,✅ Profitable Product
23116,327.6,72,17,17,0,327.6,0,327.6,0,Low Demand,✅ Profitable Product
23117,415.8,84,40,39,1,420.75,-4.95,415.8,0,Low Demand,✅ Profitable Product
23118,5219.02,741,242,154,17,5399.02,-180,5219.02,2,Hidden Loss,✅ Profitable Product
23119,1254.01,2120,118,97,2,1276.33,-22.32,1254.01,0,Low Demand,✅ Profitable Product
23120,627.36,1576,81,69,2,657.6,-30.24,627.36,0,Low Demand,✅ Profitable Product
23121,960.42,2465,87,81,0,960.42,0,960.42,0,Low Demand,✅ Profitable Product
23122,1551.82,2090,96,90,2,1554.31,-2.49,1551.82,0,Low Demand,✅ Profitable Product
23123,701.1,894,70,64,2,706.08,-4.98,701.1,0,Low Demand,✅ Profitable Product
23124,595.15,503,24,23,0,595.15,0,595.15,0,Low Demand,✅ Profitable Product
23125,443.25,405,16,15,0,443.25,0,443.25,0,Low Demand,✅ Profitable Product
23126,5217.83,1073,277,198,6,5297.03,-79.2,5217.83,2,Hidden Loss,✅ Profitable Product
23127,3446.99,701,185,146,3,3511.34,-64.35,3446.99,2,Hidden Loss,✅ Profitable Product
23128,2075.23,429,131,112,2,2109.88,-34.65,2075.23,0,Low Demand,✅ Profitable Product
23129,3929.03,941,166,138,1,3933.18,-4.15,3929.03,2,Hidden Loss,✅ Profitable Product
23130,3711.07,909,169,139,2,3748.42,-37.35,3711.07,2,Hidden Loss,✅ Profitable Product
23131,3611.88,888,110,91,2,3636.78,-24.9,3611.88,0,Low Demand,✅ Profitable Product
23132,5046.58,1018,144,115,3,5069.58,-23,5046.58,2,Hidden Loss,✅ Profitable Product
23133,5134.66,758,135,94,1,5142.91,-8.25,5134.66,0,Low Demand,✅ Profitable Product
23134,6414.48,1064,37,29,0,6414.48,0,6414.48,0,Low Demand,✅ Profitable Product
23135,5378.8,1538,42,31,0,5378.8,0,5378.8,0,Low Demand,✅ Profitable Product
23136,467.05,127,44,39,0,467.05,0,467.05,0,Low Demand,✅ Profitable Product
23137,253.24,80,20,18,0,253.24,0,253.24,0,Low Demand,✅ Profitable Product
23138,1191.75,863,76,60,1,1209.15,-17.4,1191.75,0,Low Demand,✅ Profitable Product
23139,486.43,395,23,20,1,503.83,-17.4,486.43,0,Low Demand,✅ Profitable Product
23140,608.74,148,36,29,1,658.54,-49.8,608.74,0,Low Demand,✅ Profitable Product
23141,215,68,18,18,0,215,0,215,0,Low Demand,✅ Profitable Product
23142,1118.1,114,38,34,2,1137.65,-19.55,1118.1,0,Low Demand,✅ Profitable Product
23143,156.8,25,12,12,0,156.8,0,156.8,0,Low Demand,📉 Low Performance
23144,3843.46,4850,240,180,3,3879.98,-36.52,3843.46,2,Hidden Loss,✅ Profitable Product
23145,1908.89,2043,152,128,2,1919.34,-10.45,1908.89,0,Low Demand,✅ Profitable Product
23146,2371.79,731,233,151,22,2535.89,-164.1,2371.79,2,Hidden Loss,⚠️ High Return Risk
23147,2651.1,1830,256,170,6,2672.85,-21.75,2651.1,2,Hidden Loss,✅ Profitable Product
23148,1745.71,2105,241,143,7,1756.5,-10.79,1745.71,2,Hidden Loss,✅ Profitable Product
23149,214.14,86,21,18,2,241.53,-27.39,214.14,0,Low Demand,✅ Profitable Product
23150,343.62,138,41,33,1,346.11,-2.49,343.62,0,Low Demand,✅ Profitable Product
23151,106.9,60,19,18,0,106.9,0,106.9,0,Low Demand,📉 Low Performance
23152,1987.26,538,152,108,3,2013.51,-26.25,1987.26,0,Low Demand,✅ Profitable Product
23153,908.63,244,79,67,1,923.63,-15,908.63,0,Low Demand,✅ Profitable Product
23154,4859.61,2411,217,141,3,4986.49,-126.88,4859.61,2,Hidden Loss,✅ Profitable Product
23155,1549.63,1937,125,84,14,1679.34,-129.71,1549.63,2,Hidden Loss,⚠️ High Return Risk
23156,3261.86,1614,186,117,2,3311.78,-49.92,3261.86,2,Hidden Loss,✅ Profitable Product
23157,4614.59,2303,146,111,1,5058.59,-444,4614.59,2,Hidden Loss,✅ Profitable Product
23158,4996.68,2478,190,96,3,5121.48,-124.8,4996.68,2,Hidden Loss,✅ Profitable Product
23159,4568.97,2258,198,121,3,4620.97,-52,4568.97,2,Hidden Loss,✅ Profitable Product
23160,1659.3,1398,62,50,2,1666.8,-7.5,1659.3,0,Low Demand,✅ Profitable Product
23161,1881.6,1596,69,58,1,1896.6,-15,1881.6,0,Low Demand,✅ Profitable Product
23162,4789.24,1362,142,96,0,4789.24,0,4789.24,0,Low Demand,✅ Profitable Product
23163,3835.3,1659,136,95,2,3949.7,-114.4,3835.3,0,Low Demand,✅ Profitable Product
23164,2574.26,563,81,70,1,2579.21,-4.95,2574.26,0,Low Demand,✅ Profitable Product
23165,4470,2852,238,167,18,4624.5,-154.5,4470,2,Hidden Loss,⚠️ High Return Risk
23166,3937.09,3422,205,138,10,81416.73,-77479.64,3937.09,2,Hidden Loss,✅ Profitable Product
23167,3818.99,5141,186,129,9,4184.18,-365.19,3818.99,2,Hidden Loss,✅ Profitable Product
23168,3220.06,2796,238,140,18,3285.67,-65.61,3220.06,2,Hidden Loss,⚠️ High Return Risk
23169,5458.8,1360,296,203,34,5837.95,-379.15,5458.8,2,Hidden Loss,✅ Profitable Product
23170,9144.49,5857,340,225,12,10190.79,-1046.3,9144.49,2,Hidden Loss,✅ Profitable Product
23171,9038.65,5869,275,195,5,9184.9,-146.25,9038.65,2,Hidden Loss,✅ Profitable Product
23172,5638.98,3586,233,160,9,5793.28,-154.3,5638.98,2,Hidden Loss,✅ Profitable Product
23173,22636.92,2614,367,248,13,23073.32,-436.4,22636.92,1,Stable,✅ Profitable Product
23174,11230.34,2868,285,192,17,11575.54,-345.2,11230.34,2,Hidden Loss,✅ Profitable Product
23175,8782.5,2986,283,206,11,9008,-225.5,8782.5,2,Hidden Loss,✅ Profitable Product
23176,4276.51,2045,196,159,10,4377.76,-101.25,4276.51,2,Hidden Loss,✅ Profitable Product
23177,4991.55,2411,219,174,5,5036.55,-45,4991.55,2,Hidden Loss,✅ Profitable Product
23178,831.05,307,58,50,3,845.5,-14.45,831.05,0,Low Demand,✅ Profitable Product
23179,837.88,304,40,36,0,837.88,0,837.88,0,Low Demand,✅ Profitable Product
23180,466.95,103,37,29,1,471.9,-4.95,466.95,0,Low Demand,✅ Profitable Product
23181,1451.25,181,73,60,4,1484.25,-33,1451.25,0,Low Demand,✅ Profitable Product
23182,2825.95,3400,260,140,6,2837.57,-11.62,2825.95,2,Hidden Loss,✅ Profitable Product
23183,664.46,171,60,45,2,690.71,-26.25,664.46,0,Low Demand,✅ Profitable Product
23184,3685.15,765,201,129,4,3749.5,-64.35,3685.15,2,Hidden Loss,✅ Profitable Product
23185,116.3,322,31,27,1,116.59,-0.29,116.3,0,Low Demand,📉 Low Performance
23186,810.22,1970,72,57,2,819.46,-9.24,810.22,0,Low Demand,✅ Profitable Product
23187,678.57,2301,78,66,4,695.06,-16.49,678.57,0,Low Demand,✅ Profitable Product
23188,5080.36,3084,285,207,3,5103.46,-23.1,5080.36,2,Hidden Loss,✅ Profitable Product
23189,3316.46,1214,114,89,1,3319.35,-2.89,3316.46,0,Low Demand,✅ Profitable Product
23190,2687.84,1676,181,146,2,2691.14,-3.3,2687.84,2,Hidden Loss,✅ Profitable Product
23191,3515.45,2173,247,182,2,3520.4,-4.95,3515.45,2,Hidden Loss,✅ Profitable Product
23192,5220.27,3283,314,224,2,5225.22,-4.95,5220.27,2,Hidden Loss,✅ Profitable Product
23193,3723.57,1835,143,109,6,3768.57,-45,3723.57,2,Hidden Loss,✅ Profitable Product
23194,3605.42,1717,178,142,8,3688.67,-83.25,3605.42,2,Hidden Loss,✅ Profitable Product
23196,2465.95,1747,236,170,3,2484.8,-18.85,2465.95,2,Hidden Loss,✅ Profitable Product
23197,1934.79,1343,190,116,7,1971.04,-36.25,1934.79,2,Hidden Loss,✅ Profitable Product
23198,4254.19,3003,388,259,14,4346.99,-92.8,4254.19,2,Hidden Loss,⚠️ High Return Risk
23199,25142.01,13164,739,344,21,26451.26,-1309.25,25142.01,1,Stable,✅ Profitable Product
23200,12799.61,6599,476,262,6,13043.24,-243.63,12799.61,2,Hidden Loss,✅ Profitable Product
23201,23098.98,11946,766,396,14,24175,-1076.02,23098.98,1,Stable,✅ Profitable Product
23202,20521.47,10474,778,377,6,20963.93,-442.46,20521.47,1,Stable,✅ Profitable Product
23203,36607.98,18926,1097,505,17,37684.38,-1076.4,36607.98,1,Stable,✅ Profitable Product
23204,5493.81,6853,433,199,8,5632.15,-138.34,5493.81,2,Hidden Loss,✅ Profitable Product
23205,3966.47,4961,353,201,8,4106.72,-140.25,3966.47,2,Hidden Loss,✅ Profitable Product
23206,18182.75,11507,878,401,12,18278.25,-95.5,18182.75,1,Stable,✅ Profitable Product
23207,11369.46,7106,660,377,13,12029.06,-659.6,11369.46,1,Stable,✅ Profitable Product
23208,9896.6,6152,601,305,4,10006.45,-109.85,9896.6,2,Hidden Loss,✅ Profitable Product
23209,20751.76,12964,1017,469,11,20817.56,-65.8,20751.76,1,Stable,✅ Profitable Product
23210,3157.99,2603,158,115,4,3377.75,-219.76,3157.99,2,Hidden Loss,✅ Profitable Product
23211,2604,2184,117,82,1,2634,-30,2604,0,Low Demand,✅ Profitable Product
23212,2507.63,2119,148,104,3,2582.63,-75,2507.63,0,Low Demand,✅ Profitable Product
23213,1908.19,1583,122,95,1,1923.19,-15,1908.19,0,Low Demand,✅ Profitable Product
23214,1635.23,777,92,79,0,1635.23,0,1635.23,0,Low Demand,✅ Profitable Product
23215,6747.24,3427,198,162,1,6962.04,-214.8,6747.24,2,Hidden Loss,✅ Profitable Product
23216,613.51,518,40,32,0,613.51,0,613.51,0,Low Demand,✅ Profitable Product
23217,1567,1290,84,64,0,1567,0,1567,0,Low Demand,✅ Profitable Product
23218,465.81,372,33,27,0,465.81,0,465.81,0,Low Demand,✅ Profitable Product
23219,504.6,404,49,41,0,504.6,0,504.6,0,Low Demand,✅ Profitable Product
23220,775.26,930,77,55,0,775.26,0,775.26,0,Low Demand,✅ Profitable Product
23221,1193.45,1403,113,85,4,1241.59,-48.14,1193.45,0,Low Demand,✅ Profitable Product
23222,680.68,764,65,49,1,690.64,-9.96,680.68,0,Low Demand,✅ Profitable Product
23223,671.77,747,67,51,0,671.77,0,671.77,0,Low Demand,✅ Profitable Product
23224,608.83,705,61,44,2,620.45,-11.62,608.83,0,Low Demand,✅ Profitable Product
23225,1030.67,1225,72,46,3,1090.43,-59.76,1030.67,0,Low Demand,✅ Profitable Product
23226,1418.59,1151,72,56,1,1478.59,-60,1418.59,0,Low Demand,✅ Profitable Product
23227,1939.56,1586,89,61,2,1947.06,-7.5,1939.56,0,Low Demand,✅ Profitable Product
23228,1576.54,1253,79,58,1,1726.3,-149.76,1576.54,0,Low Demand,✅ Profitable Product
23229,6295.54,1793,224,187,5,6336.43,-40.89,6295.54,2,Hidden Loss,✅ Profitable Product
23230,3186,7900,234,178,2,3207,-21,3186,2,Hidden Loss,✅ Profitable Product
23231,2986.5,7225,257,190,0,2986.5,0,2986.5,2,Hidden Loss,✅ Profitable Product
23232,3457.5,8575,241,188,3,3478.92,-21.42,3457.5,2,Hidden Loss,✅ Profitable Product
23233,2095,5150,159,130,1,2105.5,-10.5,2095,2,Hidden Loss,✅ Profitable Product
23234,4529.81,1619,237,201,5,4576.05,-46.24,4529.81,2,Hidden Loss,✅ Profitable Product
23235,1862.23,715,103,89,7,1902.69,-40.46,1862.23,0,Low Demand,✅ Profitable Product
23236,6732.94,2426,301,203,17,6828.31,-95.37,6732.94,2,Hidden Loss,✅ Profitable Product
23237,4142.85,1027,179,131,10,4212.2,-69.35,4142.85,2,Hidden Loss,✅ Profitable Product
23238,7105,1772,241,150,8,7170.6,-65.6,7105,2,Hidden Loss,✅ Profitable Product
23239,3072.25,795,164,125,9,3188.05,-115.8,3072.25,2,Hidden Loss,✅ Profitable Product
23240,16225.55,4053,502,323,17,16432.25,-206.7,16225.55,1,Stable,✅ Profitable Product
23241,4084.96,2017,289,183,5,4099.52,-14.56,4084.96,2,Hidden Loss,✅ Profitable Product
23242,2842.4,1409,190,132,3,2898.56,-56.16,2842.4,2,Hidden Loss,✅ Profitable Product
23243,21598.18,4548,419,275,34,22133.83,-535.65,21598.18,1,Stable,✅ Profitable Product
23244,1675.96,916,110,87,5,1692.91,-16.95,1675.96,0,Low Demand,✅ Profitable Product
23245,26204.18,5766,755,472,37,26625.68,-421.5,26204.18,1,Stable,✅ Profitable Product
23247,5676.66,2014,276,231,5,5795.2,-118.54,5676.66,2,Hidden Loss,✅ Profitable Product
23249,1206.79,747,75,57,7,1294.5,-87.71,1206.79,0,Low Demand,✅ Profitable Product
23250,1216.79,982,97,64,8,1358.59,-141.8,1216.79,0,Low Demand,✅ Profitable Product
23251,1884.2,1588,107,80,5,1956.7,-72.5,1884.2,0,Low Demand,✅ Profitable Product
23252,2044.59,557,132,104,7,2168.34,-123.75,2044.59,0,Low Demand,✅ Profitable Product
23253,3050.2,212,49,44,2,3082.1,-31.9,3050.2,0,Low Demand,✅ Profitable Product
23254,6621,1644,284,204,8,6704,-83,6621,2,Hidden Loss,✅ Profitable Product
23255,3819.24,954,146,116,3,3856.59,-37.35,3819.24,0,Low Demand,✅ Profitable Product
23256,7785.78,1930,332,232,8,8123.78,-338,7785.78,2,Hidden Loss,✅ Profitable Product
23263,4770.33,3700,394,269,5,4829.08,-58.75,4770.33,2,Hidden Loss,✅ Profitable Product
23264,2399.2,1844,250,177,1,2400.45,-1.25,2399.2,2,Hidden Loss,✅ Profitable Product
23265,2153.71,1665,248,180,2,2172.46,-18.75,2153.71,2,Hidden Loss,✅ Profitable Product
23266,2528.39,1963,275,201,1,2543.39,-15,2528.39,2,Hidden Loss,✅ Profitable Product
23267,1367.34,1110,92,79,1,1427.34,-60,1367.34,0,Low Demand,✅ Profitable Product
23268,1964.23,1423,79,68,1,1981.63,-17.4,1964.23,0,Low Demand,✅ Profitable Product
23269,1075.55,755,76,63,0,1075.55,0,1075.55,0,Low Demand,✅ Profitable Product
23270,1617.2,1160,119,96,1,1625.9,-8.7,1617.2,0,Low Demand,✅ Profitable Product
23271,1316.82,1622,75,69,0,1316.82,0,1316.82,0,Low Demand,✅ Profitable Product
23272,522.74,352,35,34,0,522.74,0,522.74,0,Low Demand,✅ Profitable Product
23273,1527.24,924,101,88,4,1533.84,-6.6,1527.24,0,Low Demand,✅ Profitable Product
23274,1870.11,1139,101,85,3,1875.06,-4.95,1870.11,0,Low Demand,✅ Profitable Product
23275,4232.01,3565,274,171,4,4327.42,-95.41,4232.01,2,Hidden Loss,✅ Profitable Product
23280,1545.25,1993,134,88,1,1546.91,-1.66,1545.25,0,Low Demand,✅ Profitable Product
23281,976.22,1270,91,56,0,976.22,0,976.22,0,Low Demand,✅ Profitable Product
23282,612.72,753,102,67,0,612.72,0,612.72,0,Low Demand,✅ Profitable Product
23283,6542.82,960,211,146,2,6600.27,-57.45,6542.82,2,Hidden Loss,✅ Profitable Product
23284,34312.6,5117,655,378,7,35913.85,-1601.25,34312.6,1,Stable,✅ Profitable Product
23285,4383.13,4677,133,108,1,4384.83,-1.7,4383.13,2,Hidden Loss,✅ Profitable Product
23286,4486.64,4852,167,126,3,4528.29,-41.65,4486.64,2,Hidden Loss,✅ Profitable Product
23287,1408.95,1731,148,115,2,1452.3,-43.35,1408.95,0,Low Demand,✅ Profitable Product
23288,4246.72,4487,138,107,4,4261.89,-15.17,4246.72,2,Hidden Loss,✅ Profitable Product
23289,1839.85,1541,145,111,4,1854.85,-15,1839.85,0,Low Demand,✅ Profitable Product
23290,2744.65,2357,176,125,2,2757.15,-12.5,2744.65,2,Hidden Loss,✅ Profitable Product
23291,1868.89,1539,147,104,3,1881.39,-12.5,1868.89,0,Low Demand,✅ Profitable Product
23292,2461.37,2061,170,113,6,2487.62,-26.25,2461.37,2,Hidden Loss,✅ Profitable Product
23293,6442.89,8211,470,323,5,6469.45,-26.56,6442.89,2,Hidden Loss,✅ Profitable Product
23294,3349.39,4279,295,214,4,3360.18,-10.79,3349.39,2,Hidden Loss,✅ Profitable Product
23295,4664.82,5950,364,250,5,4675.61,-10.79,4664.82,2,Hidden Loss,✅ Profitable Product
23296,5653.4,4852,325,243,6,5687.15,-33.75,5653.4,2,Hidden Loss,✅ Profitable Product
23297,6634.1,4234,144,123,4,6677,-42.9,6634.1,2,Hidden Loss,✅ Profitable Product
23298,35691.14,7675,1021,573,12,36173.95,-482.81,35691.14,1,Stable,✅ Profitable Product
23299,3537.67,975,124,110,2,3567.67,-30,3537.67,0,Low Demand,✅ Profitable Product
23300,9731.79,6151,642,351,7,9963.39,-231.6,9731.79,2,Hidden Loss,✅ Profitable Product
23301,12324.58,7626,767,405,11,12493.48,-168.9,12324.58,1,Stable,✅ Profitable Product
23302,1939.67,1445,192,140,5,1993.91,-54.24,1939.67,2,Hidden Loss,✅ Profitable Product
23303,126.75,65,6,6,0,126.75,0,126.75,0,Low Demand,📉 Low Performance
23304,138.45,71,9,9,0,138.45,0,138.45,0,Low Demand,📉 Low Performance
23305,159.9,82,9,9,0,159.9,0,159.9,0,Low Demand,📉 Low Performance
23306,3809.79,2685,211,182,2,3819.94,-10.15,3809.79,2,Hidden Loss,✅ Profitable Product
23307,5933.69,11587,509,366,5,5982.09,-48.4,5933.69,2,Hidden Loss,✅ Profitable Product
23308,3098.21,5967,305,209,0,3098.21,0,3098.21,2,Hidden Loss,✅ Profitable Product
23309,3680.65,7639,298,178,5,3729.05,-48.4,3680.65,2,Hidden Loss,✅ Profitable Product
23310,4894.83,11891,213,146,0,4894.83,0,4894.83,2,Hidden Loss,✅ Profitable Product
23311,5541.3,2190,284,246,3,5564.25,-22.95,5541.3,2,Hidden Loss,✅ Profitable Product
23312,5523,1364,194,168,1,5527.15,-4.15,5523,2,Hidden Loss,✅ Profitable Product
23313,12930.42,2742,361,254,2,12994.77,-64.35,12930.42,2,Hidden Loss,✅ Profitable Product
23314,4601.02,388,106,87,2,4663.52,-62.5,4601.02,0,Low Demand,✅ Profitable Product
23315,1796.9,190,77,63,1,1894.7,-97.8,1796.9,0,Low Demand,✅ Profitable Product
23316,2212.25,235,96,75,1,2222.2,-9.95,2212.25,0,Low Demand,✅ Profitable Product
23317,1557.9,162,70,56,0,1557.9,0,1557.9,0,Low Demand,✅ Profitable Product
23318,7981.7,3479,336,270,7,8350.41,-368.71,7981.7,2,Hidden Loss,✅ Profitable Product
23319,7971.82,3423,371,300,6,8216.79,-244.97,7971.82,2,Hidden Loss,✅ Profitable Product
23320,6888.54,2622,312,260,2,6926.11,-37.57,6888.54,2,Hidden Loss,✅ Profitable Product
23321,6768.48,4244,586,378,4,6832.83,-64.35,6768.48,2,Hidden Loss,✅ Profitable Product
23322,8014.85,2845,521,350,10,8184.7,-169.85,8014.85,2,Hidden Loss,✅ Profitable Product
23323,2956.8,1423,273,210,3,2963.1,-6.3,2956.8,2,Hidden Loss,✅ Profitable Product
23324,702.89,346,41,38,2,770.4,-67.51,702.89,0,Low Demand,✅ Profitable Product
23325,671.7,426,33,27,3,701.4,-29.7,671.7,0,Low Demand,✅ Profitable Product
23326,2000.22,3370,55,52,0,2000.22,0,2000.22,0,Low Demand,✅ Profitable Product
23327,1007.3,1702,36,33,2,1012.02,-4.72,1007.3,0,Low Demand,✅ Profitable Product
23328,7480.65,2059,286,195,5,7510.29,-29.64,7480.65,2,Hidden Loss,✅ Profitable Product
23329,2807.85,1709,216,168,1,2812.8,-4.95,2807.85,2,Hidden Loss,✅ Profitable Product
23330,2186.19,1755,196,158,1,2193.69,-7.5,2186.19,2,Hidden Loss,✅ Profitable Product
23331,932.28,1492,81,67,0,932.28,0,932.28,0,Low Demand,✅ Profitable Product
23332,3280.5,1994,268,207,1,3283.8,-3.3,3280.5,2,Hidden Loss,✅ Profitable Product
23333,2509.9,2018,217,179,1,2524.9,-15,2509.9,2,Hidden Loss,✅ Profitable Product
23334,1345.5,2154,95,83,0,1345.5,0,1345.5,0,Low Demand,✅ Profitable Product
23335,699.68,347,83,62,2,724.64,-24.96,699.68,0,Low Demand,✅ Profitable Product
23336,418.05,200,63,46,0,418.05,0,418.05,0,Low Demand,✅ Profitable Product
23337,351.52,169,60,49,0,351.52,0,351.52,0,Low Demand,✅ Profitable Product
23338,807.84,399,92,62,1,820.32,-12.48,807.84,0,Low Demand,✅ Profitable Product
23339,312,150,58,43,0,312,0,312,0,Low Demand,✅ Profitable Product
23340,3899.25,2465,122,112,0,3899.25,0,3899.25,0,Low Demand,✅ Profitable Product
23341,2325.6,282,98,75,0,2325.6,0,2325.6,0,Low Demand,✅ Profitable Product
23342,3060,366,156,105,1,3068.5,-8.5,3060,0,Low Demand,✅ Profitable Product
23343,9242.66,4637,392,286,7,9748.34,-505.68,9242.66,2,Hidden Loss,✅ Profitable Product
23344,17192.76,8692,593,391,7,17679.72,-486.96,17192.76,1,Stable,✅ Profitable Product
23345,2750.75,2391,135,101,2,2759.5,-8.75,2750.75,0,Low Demand,✅ Profitable Product
23346,2968.25,2565,139,106,1,2975.75,-7.5,2968.25,0,Low Demand,✅ Profitable Product
23347,957.25,793,73,51,3,999.75,-42.5,957.25,0,Low Demand,✅ Profitable Product
23348,1324.22,657,130,95,8,1371.48,-47.26,1324.22,0,Low Demand,✅ Profitable Product
23349,3447.89,2845,247,214,1,3462.89,-15,3447.89,2,Hidden Loss,✅ Profitable Product
23350,3150.65,2581,247,205,1,3165.65,-15,3150.65,2,Hidden Loss,✅ Profitable Product
23351,3609.14,2974,273,242,2,3699.02,-89.88,3609.14,2,Hidden Loss,✅ Profitable Product
23352,1964.76,1596,162,151,0,1964.76,0,1964.76,0,Low Demand,✅ Profitable Product
23353,3066.33,3723,254,227,1,3076.29,-9.96,3066.33,2,Hidden Loss,✅ Profitable Product
23354,2713.58,3298,263,235,2,2753.42,-39.84,2713.58,2,Hidden Loss,✅ Profitable Product
23355,24207.9,5290,726,474,7,24426.3,-218.4,24207.9,1,Stable,✅ Profitable Product
23356,13061.85,2343,451,316,2,13115.4,-53.55,13061.85,2,Hidden Loss,✅ Profitable Product
23357,1843.55,435,88,79,0,1843.55,0,1843.55,0,Low Demand,✅ Profitable Product
23358,1682.4,526,68,61,1,1689.9,-7.5,1682.4,0,Low Demand,✅ Profitable Product
23359,1840.65,979,76,73,0,1840.65,0,1840.65,0,Low Demand,✅ Profitable Product
23360,2158.05,1151,107,94,0,2158.05,0,2158.05,0,Low Demand,✅ Profitable Product
23365,992.75,1531,128,107,0,992.75,0,992.75,0,Low Demand,✅ Profitable Product
23366,1211.55,1923,141,115,0,1211.55,0,1211.55,0,Low Demand,✅ Profitable Product
23367,1797.45,2769,232,184,1,1807.85,-10.4,1797.45,2,Hidden Loss,✅ Profitable Product
23368,1394.45,2149,180,134,2,1398.35,-3.9,1394.45,2,Hidden Loss,✅ Profitable Product
23369,1053.29,901,95,80,0,1053.29,0,1053.29,0,Low Demand,✅ Profitable Product
23370,1648.86,1358,107,86,1,1650.11,-1.25,1648.86,0,Low Demand,✅ Profitable Product
23371,1783.97,1505,133,98,0,1783.97,0,1783.97,0,Low Demand,✅ Profitable Product
23372,1502.72,1280,100,76,1,1522.72,-20,1502.72,0,Low Demand,✅ Profitable Product
23373,1241.66,1563,88,86,0,1241.66,0,1241.66,0,Low Demand,✅ Profitable Product
23374,1930.96,2428,125,108,3,1944.08,-13.12,1930.96,0,Low Demand,✅ Profitable Product
23375,1067.32,1326,89,85,1,1068.14,-0.82,1067.32,0,Low Demand,✅ Profitable Product
23376,990.78,2618,114,104,1,1000.14,-9.36,990.78,0,Low Demand,✅ Profitable Product
23377,466.05,1195,81,69,1,469.17,-3.12,466.05,0,Low Demand,✅ Profitable Product
23378,1272.93,3419,144,127,0,1272.93,0,1272.93,0,Low Demand,✅ Profitable Product
23379,428.01,1175,50,49,0,428.01,0,428.01,0,Low Demand,✅ Profitable Product
23380,797.73,2123,96,86,2,811.77,-14.04,797.73,0,Low Demand,✅ Profitable Product
23381,549.69,1487,64,59,0,549.69,0,549.69,0,Low Demand,✅ Profitable Product
23382,6091.29,1695,166,136,3,6155.04,-63.75,6091.29,2,Hidden Loss,✅ Profitable Product
23388,3170.95,793,135,115,0,3170.95,0,3170.95,0,Low Demand,✅ Profitable Product
23389,4209.2,1048,206,159,1,4217.5,-8.3,4209.2,2,Hidden Loss,✅ Profitable Product
23390,2884.6,724,147,117,1,2888.75,-4.15,2884.6,0,Low Demand,✅ Profitable Product
23391,1458.15,361,69,58,0,1458.15,0,1458.15,0,Low Demand,✅ Profitable Product
23392,1125.76,568,79,70,1,1175.68,-49.92,1125.76,0,Low Demand,✅ Profitable Product
23393,2805,748,207,165,6,2883.75,-78.75,2805,2,Hidden Loss,✅ Profitable Product
23394,1481.25,395,119,90,0,1481.25,0,1481.25,0,Low Demand,✅ Profitable Product
23395,2578.23,689,180,141,5,2604.48,-26.25,2578.23,2,Hidden Loss,✅ Profitable Product
23396,2289.48,612,165,134,1,2304.48,-15,2289.48,0,Low Demand,✅ Profitable Product
23397,4010.2,428,181,139,5,4069.9,-59.7,4010.2,2,Hidden Loss,✅ Profitable Product
23398,498.38,590,58,53,1,499.23,-0.85,498.38,0,Low Demand,✅ Profitable Product
23399,1546.43,1823,176,146,0,1546.43,0,1546.43,0,Low Demand,✅ Profitable Product
23400,2234.86,446,96,76,1,2247.36,-12.5,2234.86,0,Low Demand,✅ Profitable Product
23401,2136.76,440,73,59,3,2155.51,-18.75,2136.76,0,Low Demand,✅ Profitable Product
23402,1031.67,281,55,47,0,1031.67,0,1031.67,0,Low Demand,✅ Profitable Product
23403,1972.81,593,113,80,3,1984.06,-11.25,1972.81,0,Low Demand,✅ Profitable Product
23404,3965.03,940,150,104,14,4108.58,-143.55,3965.03,2,Hidden Loss,⚠️ High Return Risk
23405,1133,236,58,54,1,1137.95,-4.95,1133,0,Low Demand,✅ Profitable Product
23406,2136.04,432,96,65,2,2154.79,-18.75,2136.04,0,Low Demand,✅ Profitable Product
23407,2386.92,244,122,103,4,2446.62,-59.7,2386.92,0,Low Demand,✅ Profitable Product
23408,615.68,296,62,53,3,644.8,-29.12,615.68,0,Low Demand,✅ Profitable Product
23409,745.47,201,43,39,2,771.72,-26.25,745.47,0,Low Demand,✅ Profitable Product
23410,281.95,35,19,16,1,290.1,-8.15,281.95,0,Low Demand,✅ Profitable Product
23411,1011.6,216,47,42,1,1016.55,-4.95,1011.6,0,Low Demand,✅ Profitable Product
23412,2254.14,349,72,64,1,2269.14,-15,2254.14,0,Low Demand,✅ Profitable Product
23413,713.4,148,44,34,1,763.2,-49.8,713.4,0,Low Demand,✅ Profitable Product
23414,1308.21,135,63,58,1,1348.01,-39.8,1308.21,0,Low Demand,✅ Profitable Product
23415,397.35,321,46,42,1,405.6,-8.25,397.35,0,Low Demand,✅ Profitable Product
23416,155.07,123,18,18,0,155.07,0,155.07,0,Low Demand,📉 Low Performance
23417,137.76,140,21,21,0,137.76,0,137.76,0,Low Demand,📉 Low Performance
23418,1068.96,534,60,55,0,1068.96,0,1068.96,0,Low Demand,✅ Profitable Product
23419,895.04,437,62,56,1,897.12,-2.08,895.04,0,Low Demand,✅ Profitable Product
23420,332.8,160,28,26,0,332.8,0,332.8,0,Low Demand,✅ Profitable Product
23421,320.32,154,26,24,0,320.32,0,320.32,0,Low Demand,✅ Profitable Product
23422,407.68,196,31,29,0,407.68,0,407.68,0,Low Demand,✅ Profitable Product
23423,738.75,197,54,47,3,757.5,-18.75,738.75,0,Low Demand,✅ Profitable Product
23424,1981.8,412,104,87,1,1986.75,-4.95,1981.8,0,Low Demand,✅ Profitable Product
23425,418,230,38,35,3,435.43,-17.43,418,0,Low Demand,✅ Profitable Product
23426,3175.22,1226,172,126,1,3192.56,-17.34,3175.22,0,Low Demand,✅ Profitable Product
23427,2625.5,226,108,87,2,2648.4,-22.9,2625.5,0,Low Demand,✅ Profitable Product
23428,543.2,68,27,25,1,559.5,-16.3,543.2,0,Low Demand,✅ Profitable Product
23429,358.6,44,20,19,0,358.6,0,358.6,0,Low Demand,✅ Profitable Product
23430,285.25,35,17,16,0,285.25,0,285.25,0,Low Demand,✅ Profitable Product
23431,1104,1416,70,63,3,1117.28,-13.28,1104,0,Low Demand,✅ Profitable Product
23432,1046.86,1274,70,65,0,1046.86,0,1046.86,0,Low Demand,✅ Profitable Product
23433,964.16,1168,85,76,3,1003.17,-39.01,964.16,0,Low Demand,✅ Profitable Product
23434,1624.5,1782,135,129,1,1632.4,-7.9,1624.5,0,Low Demand,✅ Profitable Product
23435,608.65,679,44,40,0,608.65,0,608.65,0,Low Demand,✅ Profitable Product
23436,2232.9,1914,94,91,2,2251.65,-18.75,2232.9,0,Low Demand,✅ Profitable Product
23437,2299.75,1907,112,108,1,2302.25,-2.5,2299.75,0,Low Demand,✅ Profitable Product
23438,2161,1796,98,88,0,2161,0,2161,0,Low Demand,✅ Profitable Product
23439,7660.2,3762,371,268,0,7660.2,0,7660.2,2,Hidden Loss,✅ Profitable Product
23440,299.36,164,5,5,0,299.36,0,299.36,0,Low Demand,✅ Profitable Product
23441,9.24,22,3,3,0,9.24,0,9.24,0,Low Demand,📉 Low Performance
23442,87.36,42,7,7,0,87.36,0,87.36,0,Low Demand,📉 Low Performance
23444,1185,78,80,63,1,1200,-15,1185,0,Low Demand,✅ Profitable Product
23445,2131.01,2647,95,81,1,2147.61,-16.6,2131.01,0,Low Demand,✅ Profitable Product
23446,230.25,157,3,3,0,230.25,0,230.25,0,Low Demand,✅ Profitable Product
23447,231.9,158,4,4,0,231.9,0,231.9,0,Low Demand,✅ Profitable Product
23448,41.25,25,3,3,0,41.25,0,41.25,0,Low Demand,📉 Low Performance
23449,15,12,1,1,0,15,0,15,0,Low Demand,📉 Low Performance
23451,520.95,269,44,38,0,520.95,0,520.95,0,Low Demand,✅ Profitable Product
23452,988.95,509,82,69,1,990.9,-1.95,988.95,0,Low Demand,✅ Profitable Product
23453,627.45,323,46,40,0,627.45,0,627.45,0,Low Demand,✅ Profitable Product
23454,671,164,47,41,1,679.3,-8.3,671,0,Low Demand,✅ Profitable Product
23455,566.54,206,34,32,0,566.54,0,566.54,0,Low Demand,✅ Profitable Product
23456,625.8,156,37,33,1,634.1,-8.3,625.8,0,Low Demand,✅ Profitable Product
23457,503.55,105,29,27,0,503.55,0,503.55,0,Low Demand,✅ Profitable Product
23458,687.7,46,34,30,4,762.45,-74.75,687.7,0,Low Demand,✅ Profitable Product
23459,375,30,21,19,2,412.5,-37.5,375,0,Low Demand,✅ Profitable Product
23460,957.33,103,47,41,4,1007.08,-49.75,957.33,0,Low Demand,✅ Profitable Product
23461,2933.45,835,84,75,1,2950.05,-16.6,2933.45,0,Low Demand,✅ Profitable Product
23462,1132.05,59,56,43,12,1482.15,-350.1,1132.05,0,Low Demand,⚠️ High Return Risk
23463,119.4,12,7,7,0,119.4,0,119.4,0,Low Demand,📉 Low Performance
23464,79.2,16,6,6,0,79.2,0,79.2,0,Low Demand,📉 Low Performance
23465,231,28,15,15,0,231,0,231,0,Low Demand,✅ Profitable Product
23466,390,48,22,20,1,398.25,-8.25,390,0,Low Demand,✅ Profitable Product
23467,75.67,23,5,5,0,75.67,0,75.67,0,Low Demand,📉 Low Performance
23468,156.75,19,11,11,0,156.75,0,156.75,0,Low Demand,📉 Low Performance
23469,1239.16,316,65,61,2,1255.76,-16.6,1239.16,0,Low Demand,✅ Profitable Product
23470,1252.7,208,83,70,8,1323.4,-70.7,1252.7,0,Low Demand,✅ Profitable Product
23471,605.95,65,26,26,0,605.95,0,605.95,0,Low Demand,✅ Profitable Product
23472,792.85,55,30,29,0,792.85,0,792.85,0,Low Demand,✅ Profitable Product
23473,531.66,666,43,41,0,531.66,0,531.66,0,Low Demand,✅ Profitable Product
23474,246.51,297,27,26,0,246.51,0,246.51,0,Low Demand,✅ Profitable Product
23475,232.4,280,26,25,0,232.4,0,232.4,0,Low Demand,✅ Profitable Product
23476,247.5,198,18,18,0,247.5,0,247.5,0,Low Demand,✅ Profitable Product
23477,106.25,85,8,8,0,106.25,0,106.25,0,Low Demand,📉 Low Performance
23478,307.18,278,10,9,0,307.18,0,307.18,0,Low Demand,✅ Profitable Product
23479,827.5,110,40,35,0,827.5,0,827.5,0,Low Demand,✅ Profitable Product
23480,6057.99,1699,175,143,2,6126.09,-68.1,6057.99,2,Hidden Loss,✅ Profitable Product
23481,266.21,217,27,23,0,266.21,0,266.21,0,Low Demand,✅ Profitable Product
23482,651.15,415,36,32,0,651.15,0,651.15,0,Low Demand,✅ Profitable Product
23483,1530.38,1312,69,57,3,1541.62,-11.24,1530.38,0,Low Demand,✅ Profitable Product
23484,483.66,174,25,25,0,483.66,0,483.66,0,Low Demand,✅ Profitable Product
23485,5311.6,241,93,70,13,5719,-407.4,5311.6,0,Low Demand,✅ Profitable Product
23486,3679.5,254,74,64,6,3879.15,-199.65,3679.5,0,Low Demand,✅ Profitable Product
23487,664.45,69,48,41,6,754,-89.55,664.45,0,Low Demand,✅ Profitable Product
23489,2512.44,876,137,125,0,2512.44,0,2512.44,0,Low Demand,✅ Profitable Product
23490,1976.88,536,96,83,1,1988.13,-11.25,1976.88,0,Low Demand,✅ Profitable Product
23491,1856.25,225,77,64,1,1864.5,-8.25,1856.25,0,Low Demand,✅ Profitable Product
23492,610.5,74,26,24,0,610.5,0,610.5,0,Low Demand,✅ Profitable Product
23493,6736.5,3516,352,282,3,6747.9,-11.4,6736.5,2,Hidden Loss,✅ Profitable Product
23494,3831.95,661,187,145,11,4218.7,-386.75,3831.95,2,Hidden Loss,⚠️ High Return Risk
23495,240,192,24,21,0,240,0,240,0,Low Demand,✅ Profitable Product
23496,110,88,22,21,0,110,0,110,0,Low Demand,📉 Low Performance
23497,3495.7,2502,173,150,1,3513.1,-17.4,3495.7,2,Hidden Loss,✅ Profitable Product
23498,2205.95,1591,86,77,0,2205.95,0,2205.95,0,Low Demand,✅ Profitable Product
23499,523.74,1247,93,86,0,523.74,0,523.74,0,Low Demand,✅ Profitable Product
23500,1935.05,1585,84,76,0,1935.05,0,1935.05,0,Low Demand,✅ Profitable Product
23501,2105.8,1772,85,77,0,2105.8,0,2105.8,0,Low Demand,✅ Profitable Product
23502,838.98,690,87,80,0,838.98,0,838.98,0,Low Demand,✅ Profitable Product
23503,4244.21,3433,329,284,2,4246.71,-2.5,4244.21,2,Hidden Loss,✅ Profitable Product
23504,2082.48,1668,190,164,0,2082.48,0,2082.48,2,Hidden Loss,✅ Profitable Product
23505,1247.25,1065,104,93,0,1247.25,0,1247.25,0,Low Demand,✅ Profitable Product
23506,1116.36,2718,127,114,0,1116.36,0,1116.36,0,Low Demand,✅ Profitable Product
23507,1129.02,2841,101,91,0,1129.02,0,1129.02,0,Low Demand,✅ Profitable Product
23508,1013.88,2474,107,95,1,1014.72,-0.84,1013.88,0,Low Demand,✅ Profitable Product
23509,434.46,1043,54,51,0,434.46,0,434.46,0,Low Demand,✅ Profitable Product
23510,902.16,2298,95,90,0,902.16,0,902.16,0,Low Demand,✅ Profitable Product
23511,1040.18,521,86,83,1,1050.58,-10.4,1040.18,0,Low Demand,✅ Profitable Product
23512,923.54,485,49,46,0,923.54,0,923.54,0,Low Demand,✅ Profitable Product
23513,1060.48,550,63,59,1,1072.96,-12.48,1060.48,0,Low Demand,✅ Profitable Product
23514,896.66,452,63,57,1,909.14,-12.48,896.66,0,Low Demand,✅ Profitable Product
23515,1075.38,558,59,58,0,1075.38,0,1075.38,0,Low Demand,✅ Profitable Product
23516,1028.76,292,40,39,0,1028.76,0,1028.76,0,Low Demand,✅ Profitable Product
23517,860.88,312,51,50,0,860.88,0,860.88,0,Low Demand,✅ Profitable Product
23518,940.48,352,42,40,1,957.82,-17.34,940.48,0,Low Demand,✅ Profitable Product
23519,755.01,219,19,18,0,755.01,0,755.01,0,Low Demand,✅ Profitable Product
23520,589.38,166,30,30,0,589.38,0,589.38,0,Low Demand,✅ Profitable Product
23521,648.62,388,22,21,0,648.62,0,648.62,0,Low Demand,✅ Profitable Product
23522,652.17,341,21,20,0,652.17,0,652.17,0,Low Demand,✅ Profitable Product
23523,1128.93,351,39,35,1,1151.43,-22.5,1128.93,0,Low Demand,✅ Profitable Product
23524,1419.48,459,52,42,1,1441.98,-22.5,1419.48,0,Low Demand,✅ Profitable Product
23525,1759.14,562,45,38,1,1781.64,-22.5,1759.14,0,Low Demand,✅ Profitable Product
23526,4251.62,866,93,79,2,4346.82,-95.2,4251.62,0,Low Demand,✅ Profitable Product
23527,1372.47,409,45,40,2,1398.72,-26.25,1372.47,0,Low Demand,✅ Profitable Product
23528,1381.38,462,34,30,0,1381.38,0,1381.38,0,Low Demand,✅ Profitable Product
23529,1952.31,629,30,26,0,1952.31,0,1952.31,0,Low Demand,✅ Profitable Product
23530,4270.95,1043,74,60,0,4270.95,0,4270.95,0,Low Demand,✅ Profitable Product
23531,5340.21,963,97,77,0,5340.21,0,5340.21,0,Low Demand,✅ Profitable Product
23532,853.47,205,26,23,0,853.47,0,853.47,0,Low Demand,✅ Profitable Product
23533,936.34,210,31,27,0,936.34,0,936.34,0,Low Demand,✅ Profitable Product
23534,6285.18,1200,195,159,2,6326.83,-41.65,6285.18,2,Hidden Loss,✅ Profitable Product
23535,5922.41,1127,163,135,1,5928.36,-5.95,5922.41,2,Hidden Loss,✅ Profitable Product
23536,3250.23,609,75,68,1,3274.03,-23.8,3250.23,0,Low Demand,✅ Profitable Product
23537,446.7,98,21,20,0,446.7,0,446.7,0,Low Demand,✅ Profitable Product
23538,1278.87,327,27,25,0,1278.87,0,1278.87,0,Low Demand,✅ Profitable Product
23539,1129.71,237,35,32,0,1129.71,0,1129.71,0,Low Demand,✅ Profitable Product
23540,890.54,146,10,9,0,890.54,0,890.54,0,Low Demand,✅ Profitable Product
23541,6138.19,827,121,97,1,6154.69,-16.5,6138.19,0,Low Demand,✅ Profitable Product
23542,3393.98,478,73,55,3,3442.68,-48.7,3393.98,0,Low Demand,✅ Profitable Product
23543,6877.72,1228,94,81,0,6877.72,0,6877.72,0,Low Demand,✅ Profitable Product
23544,1007.53,163,21,17,1,1015.78,-8.25,1007.53,0,Low Demand,✅ Profitable Product
23545,1023.5,2475,83,76,0,1023.5,0,1023.5,0,Low Demand,✅ Profitable Product
23546,1375.5,3275,120,106,0,1375.5,0,1375.5,0,Low Demand,✅ Profitable Product
23547,661.5,1575,62,57,0,661.5,0,661.5,0,Low Demand,✅ Profitable Product
23548,451.5,1075,43,42,0,451.5,0,451.5,0,Low Demand,✅ Profitable Product
23549,546,1300,51,46,0,546,0,546,0,Low Demand,✅ Profitable Product
23550,761,1850,63,60,0,761,0,761,0,Low Demand,✅ Profitable Product
23551,630.63,1617,95,88,0,630.63,0,630.63,0,Low Demand,✅ Profitable Product
23552,3338.8,1731,103,93,0,3338.8,0,3338.8,0,Low Demand,✅ Profitable Product
23553,6257.35,558,62,50,0,6257.35,0,6257.35,0,Low Demand,✅ Profitable Product
23554,4755.65,421,54,49,0,4755.65,0,4755.65,0,Low Demand,✅ Profitable Product
23555,4768.15,422,48,45,0,4768.15,0,4768.15,0,Low Demand,✅ Profitable Product
23556,4937.05,437,53,46,1,4949.55,-12.5,4937.05,0,Low Demand,✅ Profitable Product
23557,3867.85,347,29,25,0,3867.85,0,3867.85,0,Low Demand,✅ Profitable Product
23558,4641.7,413,47,43,0,4641.7,0,4641.7,0,Low Demand,✅ Profitable Product
23559,1135.52,566,75,69,0,1135.52,0,1135.52,0,Low Demand,✅ Profitable Product
23560,449.96,164,20,20,0,449.96,0,449.96,0,Low Demand,✅ Profitable Product
23561,458.63,167,13,13,0,458.63,0,458.63,0,Low Demand,✅ Profitable Product
23562,684.05,245,37,37,0,684.05,0,684.05,0,Low Demand,✅ Profitable Product
23564,703.51,587,42,39,0,703.51,0,703.51,0,Low Demand,✅ Profitable Product
23565,428.75,343,33,28,2,435,-6.25,428.75,0,Low Demand,✅ Profitable Product
23566,917.02,782,47,44,1,922.02,-5,917.02,0,Low Demand,✅ Profitable Product
23567,232.5,186,19,15,1,233.75,-1.25,232.5,0,Low Demand,✅ Profitable Product
23568,663.27,579,29,24,1,664.52,-1.25,663.27,0,Low Demand,✅ Profitable Product
23569,4522.05,931,175,152,1,4531.95,-9.9,4522.05,2,Hidden Loss,✅ Profitable Product
23570,2307.5,1846,231,203,0,2307.5,0,2307.5,2,Hidden Loss,✅ Profitable Product
23571,3330.6,2036,216,195,0,3330.6,0,3330.6,2,Hidden Loss,✅ Profitable Product
23574,90,12,16,9,2,105,-15,90,0,Low Demand,📉 Low Performance
23575,305.4,164,22,22,0,305.4,0,305.4,0,Low Demand,✅ Profitable Product
23576,346.35,185,29,28,0,346.35,0,346.35,0,Low Demand,✅ Profitable Product
23578,109.2,56,11,11,0,109.2,0,109.2,0,Low Demand,📉 Low Performance
23579,280.05,151,24,22,0,280.05,0,280.05,0,Low Demand,✅ Profitable Product
23580,216.45,111,21,20,0,216.45,0,216.45,0,Low Demand,✅ Profitable Product
23581,8304.48,4251,306,230,4,8529.24,-224.76,8304.48,2,Hidden Loss,✅ Profitable Product
23582,8312.58,4326,237,186,3,8535.26,-222.68,8312.58,2,Hidden Loss,✅ Profitable Product
23583,5251.25,3305,299,233,1,5267.75,-16.5,5251.25,2,Hidden Loss,✅ Profitable Product
23597,649.9,242,29,28,1,667.6,-17.7,649.9,0,Low Demand,✅ Profitable Product
23598,1177.95,421,42,40,0,1177.95,0,1177.95,0,Low Demand,✅ Profitable Product
23630,0,0,2,1,1,2.99,-2.99,0,0,Low Demand,📉 Low Performance
23660,457.05,277,35,30,4,483.45,-26.4,457.05,0,Low Demand,✅ Profitable Product
23661,303.6,184,27,23,4,336.6,-33,303.6,0,Low Demand,✅ Profitable Product
23664,1.65,1,1,1,0,1.65,0,1.65,0,Low Demand,📉 Low Performance
23681,2434.2,1548,118,105,0,2434.2,0,2434.2,0,Low Demand,✅ Profitable Product
23691,481.5,1175,38,36,0,481.5,0,481.5,0,Low Demand,✅ Profitable Product
23692,21,50,2,2,0,21,0,21,0,Low Demand,📉 Low Performance
23694,141.84,348,24,23,0,141.84,0,141.84,0,Low Demand,📉 Low Performance
23695,296.7,727,44,41,0,296.7,0,296.7,0,Low Demand,✅ Profitable Product
23697,179.64,438,26,26,0,179.64,0,179.64,0,Low Demand,📉 Low Performance
23702,27,4,3,3,0,27,0,27,0,Low Demand,📉 Low Performance
23843,0,0,2,1,1,168469.6,-168469.6,0,0,Low Demand,📉 Low Performance
35001G,510.83,157,24,23,0,510.83,0,510.83,0,Low Demand,✅ Profitable Product
35001W,266.53,91,6,5,1,270.02,-3.49,266.53,0,Low Demand,✅ Profitable Product
35004B,2114.35,445,55,32,9,2251.15,-136.8,2114.35,0,Low Demand,✅ Profitable Product
35004C,1712.05,357,46,28,8,1882.65,-170.6,1712.05,0,Low Demand,✅ Profitable Product
35004G,444.4,124,21,17,1,448.3,-3.9,444.4,0,Low Demand,✅ Profitable Product
35004P,5.45,1,1,1,0,5.45,0,5.45,0,Low Demand,📉 Low Performance
35095A,293.82,811,34,29,0,293.82,0,293.82,0,Low Demand,✅ Profitable Product
35095B,277.44,772,41,36,0,277.44,0,277.44,0,Low Demand,✅ Profitable Product
35241,413.95,89,30,27,0,413.95,0,413.95,0,Low Demand,✅ Profitable Product
35265,50.25,16,11,11,0,50.25,0,50.25,0,Low Demand,📉 Low Performance
35271S,3.61,19,2,2,0,3.61,0,3.61,0,Low Demand,📉 Low Performance
35400,-45.7,-6,13,13,8,89.5,-135.2,-45.7,0,Low Demand,🚨 Loss Making Product
35443,5.95,7,5,5,0,5.95,0,5.95,0,Low Demand,📉 Low Performance
35471D,692.96,1666,139,115,2,695.46,-2.5,692.96,0,Low Demand,✅ Profitable Product
35591T,6.25,5,4,4,0,6.25,0,6.25,0,Low Demand,📉 Low Performance
35597A,1.25,1,1,1,0,1.25,0,1.25,0,Low Demand,📉 Low Performance
35597B,1.25,1,1,1,0,1.25,0,1.25,0,Low Demand,📉 Low Performance
35597D,17.48,46,2,2,0,17.48,0,17.48,0,Low Demand,📉 Low Performance
35598A,26.55,9,2,2,0,26.55,0,26.55,0,Low Demand,📉 Low Performance
35598B,433.7,554,22,20,0,433.7,0,433.7,0,Low Demand,✅ Profitable Product
35598C,5.9,2,2,2,0,5.9,0,5.9,0,Low Demand,📉 Low Performance
35598D,432.57,659,25,24,1,433.22,-0.65,432.57,0,Low Demand,✅ Profitable Product
35599B,503.85,209,23,19,0,503.85,0,503.85,0,Low Demand,✅ Profitable Product
35599D,465.38,186,19,17,0,465.38,0,465.38,0,Low Demand,✅ Profitable Product
35607A,4.56,24,1,1,0,4.56,0,4.56,0,Low Demand,📉 Low Performance
35607B,18.24,96,7,7,0,18.24,0,18.24,0,Low Demand,📉 Low Performance
35610A,10,8,1,1,0,10,0,10,0,Low Demand,📉 Low Performance
35610B,30,24,1,1,0,30,0,30,0,Low Demand,📉 Low Performance
35610C,30,24,1,1,0,30,0,30,0,Low Demand,📉 Low Performance
35637A,363.7,166,24,23,0,363.7,0,363.7,0,Low Demand,✅ Profitable Product
35637C,62.6,28,7,7,0,62.6,0,62.6,0,Low Demand,📉 Low Performance
35638A,82.1,38,5,5,0,82.1,0,82.1,0,Low Demand,📉 Low Performance
35638B,109.2,56,4,4,0,109.2,0,109.2,0,Low Demand,📉 Low Performance
35645,17,4,3,2,0,17,0,17,0,Low Demand,📉 Low Performance
35646,668.88,513,44,32,0,668.88,0,668.88,0,Low Demand,✅ Profitable Product
35647,16.25,13,2,2,0,16.25,0,16.25,0,Low Demand,📉 Low Performance
35648,755.67,789,62,40,2,776.42,-20.75,755.67,0,Low Demand,✅ Profitable Product
35649,51.82,16,6,5,0,51.82,0,51.82,0,Low Demand,📉 Low Performance
35650,4.95,1,1,1,0,4.95,0,4.95,0,Low Demand,📉 Low Performance
35651,537.3,318,34,29,1,557.1,-19.8,537.3,0,Low Demand,✅ Profitable Product
35653,138.65,47,17,11,0,138.65,0,138.65,0,Low Demand,📉 Low Performance
35809A,374.94,389,40,37,0,374.94,0,374.94,0,Low Demand,✅ Profitable Product
35809B,9.18,8,3,3,0,9.18,0,9.18,0,Low Demand,📉 Low Performance
35810A,546.21,603,52,46,0,546.21,0,546.21,0,Low Demand,✅ Profitable Product
35810B,144.24,134,23,18,2,155.03,-10.79,144.24,0,Low Demand,📉 Low Performance
35815P,63.28,162,5,5,0,63.28,0,63.28,0,Low Demand,📉 Low Performance
35816P,29.64,78,2,2,0,29.64,0,29.64,0,Low Demand,📉 Low Performance
35817P,19.86,18,2,2,0,19.86,0,19.86,0,Low Demand,📉 Low Performance
35818B,11.78,31,3,3,0,11.78,0,11.78,0,Low Demand,📉 Low Performance
35818P,100.32,264,17,15,0,100.32,0,100.32,0,Low Demand,📉 Low Performance
35819B,101.84,268,22,19,0,101.84,0,101.84,0,Low Demand,📉 Low Performance
35819P,66.55,95,7,7,0,66.55,0,66.55,0,Low Demand,📉 Low Performance
35832,-2.95,-1,1,1,1,0,-2.95,-2.95,0,Low Demand,🚨 Loss Making Product
35833P,46.25,37,11,8,0,46.25,0,46.25,0,Low Demand,📉 Low Performance
35909A,23.6,8,3,3,0,23.6,0,23.6,0,Low Demand,📉 Low Performance
35909B,23.6,8,2,2,0,23.6,0,23.6,0,Low Demand,📉 Low Performance
35910A,39,20,4,4,0,39,0,39,0,Low Demand,📉 Low Performance
35910B,25.35,13,3,3,0,25.35,0,25.35,0,Low Demand,📉 Low Performance
35911A,194.15,205,25,23,0,194.15,0,194.15,0,Low Demand,📉 Low Performance
35911B,35.7,17,4,4,0,35.7,0,35.7,0,Low Demand,📉 Low Performance
35912B,283.89,249,18,15,0,283.89,0,283.89,0,Low Demand,✅ Profitable Product
35913B,29.75,35,9,8,0,29.75,0,29.75,0,Low Demand,📉 Low Performance
35914,163.1,136,18,16,0,163.1,0,163.1,0,Low Demand,📉 Low Performance
35915B,150.15,91,14,14,0,150.15,0,150.15,0,Low Demand,📉 Low Performance
35915C,80.85,49,8,8,0,80.85,0,80.85,0,Low Demand,📉 Low Performance
35916A,17,20,3,3,0,17,0,17,0,Low Demand,📉 Low Performance
35916B,5.1,6,1,1,0,5.1,0,5.1,0,Low Demand,📉 Low Performance
35916C,45.9,54,5,5,0,45.9,0,45.9,0,Low Demand,📉 Low Performance
35920,83.75,67,11,11,0,83.75,0,83.75,0,Low Demand,📉 Low Performance
35921,66.25,53,12,10,1,67.5,-1.25,66.25,0,Low Demand,📉 Low Performance
35922,138.6,28,10,10,0,138.6,0,138.6,0,Low Demand,📉 Low Performance
35923,631.32,1264,42,30,1,631.71,-0.39,631.32,0,Low Demand,✅ Profitable Product
35924,959.59,545,36,25,5,1262.1,-302.51,959.59,0,Low Demand,✅ Profitable Product
35933,84.36,222,16,15,0,84.36,0,84.36,0,Low Demand,📉 Low Performance
35953,1252.41,2993,86,81,1,1282.41,-30,1252.41,0,Low Demand,✅ Profitable Product
35954,253.35,1124,32,30,0,253.35,0,253.35,0,Low Demand,✅ Profitable Product
35957,127.8,462,8,7,1,146.04,-18.24,127.8,0,Low Demand,📉 Low Performance
35958,10.2,12,3,3,0,10.2,0,10.2,0,Low Demand,📉 Low Performance
35961,2137.59,2691,154,117,1,2138.44,-0.85,2137.59,0,Low Demand,✅ Profitable Product
35964,246.78,624,37,34,0,246.78,0,246.78,0,Low Demand,✅ Profitable Product
35965,162.91,157,29,22,1,181.87,-18.96,162.91,0,Low Demand,📉 Low Performance
35966,10.26,27,2,2,0,10.26,0,10.26,0,Low Demand,📉 Low Performance
35967,150.54,381,29,24,0,150.54,0,150.54,0,Low Demand,📉 Low Performance
35968,52.76,145,18,14,0,52.76,0,52.76,0,Low Demand,📉 Low Performance
35970,7543.94,4574,345,270,6,7665.11,-121.17,7543.94,2,Hidden Loss,✅ Profitable Product
35971,483.39,406,55,39,2,504.64,-21.25,483.39,0,Low Demand,✅ Profitable Product
35972,120,96,16,14,0,120,0,120,0,Low Demand,📉 Low Performance
37327,546.81,1371,46,36,1,548.37,-1.56,546.81,0,Low Demand,✅ Profitable Product
37330,2.34,6,1,1,0,2.34,0,2.34,0,Low Demand,📉 Low Performance
37333,54.3,14,11,9,0,54.3,0,54.3,0,Low Demand,📉 Low Performance
37340,802.57,2039,65,59,2,803.74,-1.17,802.57,0,Low Demand,✅ Profitable Product
37342,1096.61,1379,66,50,3,1142.29,-45.68,1096.61,0,Low Demand,✅ Profitable Product
37343,89.7,62,8,8,0,89.7,0,89.7,0,Low Demand,📉 Low Performance
37351,1.56,4,1,1,0,1.56,0,1.56,0,Low Demand,📉 Low Performance
37370,2807.28,2485,118,73,5,2835.08,-27.8,2807.28,0,Low Demand,✅ Profitable Product
37379A,7.5,6,1,1,0,7.5,0,7.5,0,Low Demand,📉 Low Performance
37413,283.71,701,79,52,0,283.71,0,283.71,0,Low Demand,✅ Profitable Product
37423,33.18,78,3,3,0,33.18,0,33.18,0,Low Demand,📉 Low Performance
37444A,31.91,49,14,9,0,31.91,0,31.91,0,Low Demand,📉 Low Performance
37444B,11.8,4,3,2,0,11.8,0,11.8,0,Low Demand,📉 Low Performance
37444C,31.23,21,7,5,0,31.23,0,31.23,0,Low Demand,📉 Low Performance
37446,1686.2,1228,160,94,12,1775.05,-88.85,1686.2,2,Hidden Loss,⚠️ High Return Risk
37447,1081,740,82,51,6,1104.89,-23.89,1081,0,Low Demand,✅ Profitable Product
37448,1975.95,1359,166,78,12,2043,-67.05,1975.95,0,Low Demand,⚠️ High Return Risk
37449,4638.08,512,177,109,25,5084.78,-446.7,4638.08,2,Hidden Loss,⚠️ High Return Risk
37450,1744.8,632,110,47,12,1841,-96.2,1744.8,0,Low Demand,⚠️ High Return Risk
37461,1.25,1,1,1,0,1.25,0,1.25,0,Low Demand,📉 Low Performance
37462E,5.59,27,4,4,0,5.59,0,5.59,0,Low Demand,📉 Low Performance
37464,3.75,3,2,2,0,3.75,0,3.75,0,Low Demand,📉 Low Performance
37467,60.04,128,11,11,0,60.04,0,60.04,0,Low Demand,📉 Low Performance
37468,24.96,64,12,11,0,24.96,0,24.96,0,Low Demand,📉 Low Performance
37471,10.2,12,1,1,0,10.2,0,10.2,0,Low Demand,📉 Low Performance
37475,532.11,57,29,27,0,532.11,0,532.11,0,Low Demand,✅ Profitable Product
37476,160.39,17,9,9,0,160.39,0,160.39,0,Low Demand,📉 Low Performance
37479B,60.33,127,17,16,0,60.33,0,60.33,0,Low Demand,📉 Low Performance
37479P,57.18,130,20,15,0,57.18,0,57.18,0,Low Demand,📉 Low Performance
37482P,220.95,489,34,30,0,220.95,0,220.95,0,Low Demand,✅ Profitable Product
37487B,19.72,68,2,2,0,19.72,0,19.72,0,Low Demand,📉 Low Performance
37488A,10.92,28,3,3,0,10.92,0,10.92,0,Low Demand,📉 Low Performance
37489A,14.43,33,14,14,0,14.43,0,14.43,0,Low Demand,📉 Low Performance
37489B,16.77,31,12,12,0,16.77,0,16.77,0,Low Demand,📉 Low Performance
37489C,13.65,23,8,8,0,13.65,0,13.65,0,Low Demand,📉 Low Performance
37489D,17.16,40,16,16,0,17.16,0,17.16,0,Low Demand,📉 Low Performance
37491B,6.6,4,1,1,0,6.6,0,6.6,0,Low Demand,📉 Low Performance
37491C,13.2,8,1,1,0,13.2,0,13.2,0,Low Demand,📉 Low Performance
37491D,3.3,2,1,1,0,3.3,0,3.3,0,Low Demand,📉 Low Performance
37495,1363.65,379,96,75,12,1547.4,-183.75,1363.65,0,Low Demand,⚠️ High Return Risk
37500,1957.56,336,82,53,2,1972.46,-14.9,1957.56,0,Low Demand,✅ Profitable Product
37501,695,100,30,28,1,708.9,-13.9,695,0,Low Demand,✅ Profitable Product
37503,-10.75,-1,1,1,1,0,-10.75,-10.75,0,Low Demand,🚨 Loss Making Product
37509,5.1,2,2,2,0,5.1,0,5.1,0,Low Demand,📉 Low Performance
40001,561.55,736,41,23,6,573.71,-12.16,561.55,0,Low Demand,✅ Profitable Product
40003,154.95,147,11,10,0,154.95,0,154.95,0,Low Demand,📉 Low Performance
40005B,10.2,12,4,4,0,10.2,0,10.2,0,Low Demand,📉 Low Performance
40016,1870.7,5524,75,54,0,1870.7,0,1870.7,0,Low Demand,✅ Profitable Product
40046A,62.5,50,6,6,0,62.5,0,62.5,0,Low Demand,📉 Low Performance
44089A,6.3,15,4,4,0,6.3,0,6.3,0,Low Demand,📉 Low Performance
44089C,10.08,24,6,6,0,10.08,0,10.08,0,Low Demand,📉 Low Performance
44091A,3.78,9,3,3,0,3.78,0,3.78,0,Low Demand,📉 Low Performance
44092B,11.9,14,5,4,0,11.9,0,11.9,0,Low Demand,📉 Low Performance
44092C,17,20,6,5,0,17,0,17,0,Low Demand,📉 Low Performance
44228,30.6,36,2,2,0,30.6,0,30.6,0,Low Demand,📉 Low Performance
44234,120.63,643,20,17,1,121.05,-0.42,120.63,0,Low Demand,📉 Low Performance
44235,200.46,539,13,11,0,200.46,0,200.46,0,Low Demand,✅ Profitable Product
44236,56.52,52,6,6,0,56.52,0,56.52,0,Low Demand,📉 Low Performance
44242A,9.48,12,1,1,0,9.48,0,9.48,0,Low Demand,📉 Low Performance
44242B,50.28,52,3,3,0,50.28,0,50.28,0,Low Demand,📉 Low Performance
44265,8.5,2,1,1,0,8.5,0,8.5,0,Low Demand,📉 Low Performance
45013,8.85,3,2,2,0,8.85,0,8.85,0,Low Demand,📉 Low Performance
46000M,1560.85,1007,134,92,1,1562.4,-1.55,1560.85,0,Low Demand,✅ Profitable Product
46000P,72.25,17,5,5,0,72.25,0,72.25,0,Low Demand,📉 Low Performance
46000R,146.45,101,37,22,0,146.45,0,146.45,0,Low Demand,📉 Low Performance
46000S,2185.15,1507,185,128,3,2248.95,-63.8,2185.15,2,Hidden Loss,✅ Profitable Product
46000U,133.75,107,26,16,0,133.75,0,133.75,0,Low Demand,📉 Low Performance
46115B,2.28,12,2,1,0,2.28,0,2.28,0,Low Demand,📉 Low Performance
46118,164.05,193,18,12,0,164.05,0,164.05,0,Low Demand,📉 Low Performance
46126A,60,48,6,5,0,60,0,60,0,Low Demand,📉 Low Performance
46138B,32.1,30,14,8,2,43.15,-11.05,32.1,0,Low Demand,📉 Low Performance
46775D,406.8,24,13,12,0,406.8,0,406.8,0,Low Demand,✅ Profitable Product
46776A,69.3,14,6,6,0,69.3,0,69.3,0,Low Demand,📉 Low Performance
46776B,74.25,15,7,6,0,74.25,0,74.25,0,Low Demand,📉 Low Performance
46776C,54.45,11,6,6,0,54.45,0,54.45,0,Low Demand,📉 Low Performance
46776D,59.4,12,3,3,0,59.4,0,59.4,0,Low Demand,📉 Low Performance
46776E,69.3,14,5,5,0,69.3,0,69.3,0,Low Demand,📉 Low Performance
46776F,94.05,19,8,6,0,94.05,0,94.05,0,Low Demand,📉 Low Performance
47013A,3.04,14,4,4,0,3.04,0,3.04,0,Low Demand,📉 Low Performance
47013C,4.06,31,8,7,1,5.5,-1.44,4.06,0,Low Demand,📉 Low Performance
47016,4.2,2,1,1,0,4.2,0,4.2,0,Low Demand,📉 Low Performance
47021G,230.4,518,15,12,0,230.4,0,230.4,0,Low Demand,✅ Profitable Product
47310M,326.73,265,47,23,0,326.73,0,326.73,0,Low Demand,✅ Profitable Product
47341A,38.75,27,5,5,0,38.75,0,38.75,0,Low Demand,📉 Low Performance
47341B,56.25,45,11,11,0,56.25,0,56.25,0,Low Demand,📉 Low Performance
47343A,145.17,159,14,13,0,145.17,0,145.17,0,Low Demand,📉 Low Performance
47344B,43.66,44,6,6,0,43.66,0,43.66,0,Low Demand,📉 Low Performance
47348A,50.31,97,15,11,0,50.31,0,50.31,0,Low Demand,📉 Low Performance
47351B,112.1,38,10,7,1,234.5,-122.4,112.1,0,Low Demand,📉 Low Performance
47367B,194.55,57,11,11,0,194.55,0,194.55,0,Low Demand,📉 Low Performance
47369A,23.6,8,6,6,0,23.6,0,23.6,0,Low Demand,📉 Low Performance
47369B,11.69,3,3,3,0,11.69,0,11.69,0,Low Demand,📉 Low Performance
47420,38.38,202,13,11,0,38.38,0,38.38,0,Low Demand,📉 Low Performance
47421,385.02,975,54,16,0,385.02,0,385.02,0,Low Demand,✅ Profitable Product
47422,219.72,554,43,16,1,220.14,-0.42,219.72,0,Low Demand,✅ Profitable Product
47469,167.11,359,11,10,0,167.11,0,167.11,0,Low Demand,📉 Low Performance
47471,150.18,264,24,19,0,150.18,0,150.18,0,Low Demand,📉 Low Performance
47480,1092.88,692,52,29,0,1092.88,0,1092.88,0,Low Demand,✅ Profitable Product
47481,164.22,222,19,15,0,164.22,0,164.22,0,Low Demand,📉 Low Performance
47503A,1236.61,2718,163,123,2,1261.69,-25.08,1236.61,0,Low Demand,✅ Profitable Product
47503H,92.08,96,32,30,0,92.08,0,92.08,0,Low Demand,📉 Low Performance
47503J,7.95,1,1,1,0,7.95,0,7.95,0,Low Demand,📉 Low Performance
47504H,855.88,944,93,69,1,860.88,-5,855.88,0,Low Demand,✅ Profitable Product
47504K,1817.3,1946,175,141,1,1826.78,-9.48,1817.3,2,Hidden Loss,✅ Profitable Product
47518F,113.64,827,28,19,0,113.64,0,113.64,0,Low Demand,📉 Low Performance
47556B,6045,2600,2,1,0,6045,0,6045,0,Low Demand,✅ Profitable Product
47559B,2379.17,1974,243,152,2,2416.67,-37.5,2379.17,2,Hidden Loss,✅ Profitable Product
47563A,246.25,195,46,32,1,251.25,-5,246.25,0,Low Demand,✅ Profitable Product
47566,67687.53,15023,1398,708,19,68844.33,-1156.8,67687.53,1,Stable,✅ Profitable Product
47566B,6752.3,867,320,193,7,10445.25,-3692.95,6752.3,2,Hidden Loss,✅ Profitable Product
47567B,3243.42,584,125,81,5,3289.72,-46.3,3243.42,0,Low Demand,✅ Profitable Product
47570B,1642.68,180,26,23,0,1642.68,0,1642.68,0,Low Demand,✅ Profitable Product
47574A,364.75,421,51,37,1,366.25,-1.5,364.75,0,Low Demand,✅ Profitable Product
47574B,17,4,2,2,0,17,0,17,0,Low Demand,📉 Low Performance
47578A,168.3,198,27,26,0,168.3,0,168.3,0,Low Demand,📉 Low Performance
47579,2.1,1,1,1,0,2.1,0,2.1,0,Low Demand,📉 Low Performance
47580,788.11,318,78,55,2,818.71,-30.6,788.11,0,Low Demand,✅ Profitable Product
47585A,382.5,102,27,23,0,382.5,0,382.5,0,Low Demand,✅ Profitable Product
47586A,53.55,21,8,7,0,53.55,0,53.55,0,Low Demand,📉 Low Performance
47589,70.85,13,3,3,0,70.85,0,70.85,0,Low Demand,📉 Low Performance
47590A,9992.72,1926,358,228,3,10107.52,-114.8,9992.72,2,Hidden Loss,✅ Profitable Product
47590B,11564.05,2261,363,238,4,11688.15,-124.1,11564.05,2,Hidden Loss,✅ Profitable Product
47591B,62.7,38,10,9,0,62.7,0,62.7,0,Low Demand,📉 Low Performance
47591D,5819.46,3142,399,252,2,5823.36,-3.9,5819.46,2,Hidden Loss,✅ Profitable Product
47593A,14.37,33,12,10,0,14.37,0,14.37,0,Low Demand,📉 Low Performance
47593B,676.39,1663,94,68,0,676.39,0,676.39,0,Low Demand,✅ Profitable Product
47594A,83.85,43,31,28,5,101.4,-17.55,83.85,0,Low Demand,📉 Low Performance
47594B,169.65,87,33,26,3,177.45,-7.8,169.65,0,Low Demand,📉 Low Performance
47599A,4469.02,2403,145,102,1,4481.62,-12.6,4469.02,2,Hidden Loss,✅ Profitable Product
47599B,2619.74,1399,110,70,2,2728.94,-109.2,2619.74,0,Low Demand,✅ Profitable Product
48111,6699.35,1105,175,111,1,6715.25,-15.9,6699.35,2,Hidden Loss,✅ Profitable Product
48116,8029.07,1416,143,88,2,8053.22,-24.15,8029.07,2,Hidden Loss,✅ Profitable Product
48129,5485.31,857,186,126,4,5644.46,-159.15,5485.31,2,Hidden Loss,✅ Profitable Product
48138,23600.49,3613,523,314,7,23697.99,-97.5,23600.49,1,Stable,✅ Profitable Product
48173C,9789.2,1783,175,106,2,9822.2,-33,9789.2,2,Hidden Loss,✅ Profitable Product
48184,13423.25,1969,359,227,3,13470.95,-47.7,13423.25,2,Hidden Loss,✅ Profitable Product
48185,16632.79,2755,244,143,3,21187.69,-4554.9,16632.79,2,Hidden Loss,✅ Profitable Product
48187,22936.45,3717,533,315,2,22968.25,-31.8,22936.45,1,Stable,✅ Profitable Product
48188,11504.15,2023,255,164,3,11544.2,-40.05,11504.15,2,Hidden Loss,✅ Profitable Product
48194,19924.96,3268,482,286,2,19948.81,-23.85,19924.96,1,Stable,✅ Profitable Product
51008,1656.05,509,20,16,1,1662.95,-6.9,1656.05,0,Low Demand,✅ Profitable Product
51014A,1716.41,3549,158,106,1,1777.61,-61.2,1716.41,0,Low Demand,✅ Profitable Product
51014C,1099.92,2256,114,71,5,1180.26,-80.34,1099.92,0,Low Demand,✅ Profitable Product
51014L,885.66,1852,107,72,2,951.54,-65.88,885.66,0,Low Demand,✅ Profitable Product
51020A,115.75,323,19,16,1,116.33,-0.58,115.75,0,Low Demand,📉 Low Performance
51020B,70.28,196,16,13,1,70.57,-0.29,70.28,0,Low Demand,📉 Low Performance
62018,5691.5,4402,59,39,0,5691.5,0,5691.5,0,Low Demand,✅ Profitable Product
62043B,13.28,16,6,5,1,14.11,-0.83,13.28,0,Low Demand,📉 Low Performance
62074B,6.72,16,4,4,0,6.72,0,6.72,0,Low Demand,📉 Low Performance
62086A,167.7,86,13,13,0,167.7,0,167.7,0,Low Demand,📉 Low Performance
62094B,33.15,13,3,2,0,33.15,0,33.15,0,Low Demand,📉 Low Performance
62096A,132.5,106,8,7,0,132.5,0,132.5,0,Low Demand,📉 Low Performance
62096B,2.5,2,1,1,0,2.5,0,2.5,0,Low Demand,📉 Low Performance
62097B,7.47,9,3,2,0,7.47,0,7.47,0,Low Demand,📉 Low Performance
70006,1657.7,2620,78,72,0,1657.7,0,1657.7,0,Low Demand,✅ Profitable Product
70007,619.56,720,54,46,1,639.36,-19.8,619.56,0,Low Demand,✅ Profitable Product
71038,1217.7,234,49,34,2,1244.95,-27.25,1217.7,0,Low Demand,✅ Profitable Product
71050,11.55,33,6,5,0,11.55,0,11.55,0,Low Demand,📉 Low Performance
71053,5776.18,1600,259,149,9,5915.95,-139.77,5776.18,2,Hidden Loss,✅ Profitable Product
71101E,280.2,348,22,17,0,280.2,0,280.2,0,Low Demand,✅ Profitable Product
71143,8.5,10,1,1,0,8.5,0,8.5,0,Low Demand,📉 Low Performance
71215,4.62,11,2,2,0,4.62,0,4.62,0,Low Demand,📉 Low Performance
71270,259.96,207,31,16,0,259.96,0,259.96,0,Low Demand,✅ Profitable Product
71279,435.85,151,31,21,4,450.6,-14.75,435.85,0,Low Demand,✅ Profitable Product
71403,159.3,54,13,12,0,159.3,0,159.3,0,Low Demand,📉 Low Performance
71406C,57.96,138,21,13,0,57.96,0,57.96,0,Low Demand,📉 Low Performance
71459,9925.57,12812,390,226,11,10031.45,-105.88,9925.57,2,Hidden Loss,✅ Profitable Product
71477,16605.5,5424,294,160,31,20049.12,-3443.62,16605.5,1,Stable,✅ Profitable Product
71495A,34.56,96,2,2,0,34.56,0,34.56,0,Low Demand,📉 Low Performance
71495B,58.56,160,5,4,0,58.56,0,58.56,0,Low Demand,📉 Low Performance
71496A,61.86,114,5,5,0,61.86,0,61.86,0,Low Demand,📉 Low Performance
71496B,7.37,13,4,4,0,7.37,0,7.37,0,Low Demand,📉 Low Performance
71510,36.52,52,8,5,0,36.52,0,36.52,0,Low Demand,📉 Low Performance
72024U,15.12,72,3,3,0,15.12,0,15.12,0,Low Demand,📉 Low Performance
72051S,19.32,46,5,5,0,19.32,0,19.32,0,Low Demand,📉 Low Performance
72122,277.4,292,44,38,0,277.4,0,277.4,0,Low Demand,✅ Profitable Product
72127,208.1,168,29,25,0,208.1,0,208.1,0,Low Demand,✅ Profitable Product
72128,145.53,189,33,28,0,145.53,0,145.53,0,Low Demand,📉 Low Performance
72130,126.79,215,24,20,0,126.79,0,126.79,0,Low Demand,📉 Low Performance
72131,238.35,137,18,14,0,238.35,0,238.35,0,Low Demand,✅ Profitable Product
72132,54.6,28,12,9,0,54.6,0,54.6,0,Low Demand,📉 Low Performance
72133,48.75,39,13,11,0,48.75,0,48.75,0,Low Demand,📉 Low Performance
72134,47.18,98,8,6,0,47.18,0,47.18,0,Low Demand,📉 Low Performance
72140E,25.5,30,9,8,1,26.35,-0.85,25.5,0,Low Demand,📉 Low Performance
72225C,158.64,600,16,12,0,158.64,0,158.64,0,Low Demand,📉 Low Performance
72232,630.23,3317,65,45,0,630.23,0,630.23,0,Low Demand,✅ Profitable Product
72349B,1318.98,689,91,51,0,1318.98,0,1318.98,0,Low Demand,✅ Profitable Product
72351A,2414.16,1248,133,78,0,2414.16,0,2414.16,0,Low Demand,✅ Profitable Product
72351B,3853.94,2057,159,88,3,3860.24,-6.3,3853.94,0,Low Demand,✅ Profitable Product
72369A,35,28,3,3,0,35,0,35,0,Low Demand,📉 Low Performance
72586,247.8,590,38,36,1,262.92,-15.12,247.8,0,Low Demand,✅ Profitable Product
72598,364.95,459,41,38,0,364.95,0,364.95,0,Low Demand,✅ Profitable Product
72709,37.4,44,7,4,0,37.4,0,37.4,0,Low Demand,📉 Low Performance
72741,7748.8,5776,257,196,8,7785.05,-36.25,7748.8,2,Hidden Loss,✅ Profitable Product
72760B,3662.58,384,137,105,2,3677.18,-14.6,3662.58,0,Low Demand,✅ Profitable Product
72780,116.45,137,20,18,0,116.45,0,116.45,0,Low Demand,📉 Low Performance
72783,33.6,16,2,2,0,33.6,0,33.6,0,Low Demand,📉 Low Performance
72798C,11.55,7,3,3,0,11.55,0,11.55,0,Low Demand,📉 Low Performance
72799C,123.68,80,18,17,0,123.68,0,123.68,0,Low Demand,📉 Low Performance
72799E,710.44,388,49,44,1,728.14,-17.7,710.44,0,Low Demand,✅ Profitable Product
72799F,368,128,21,19,0,368,0,368,0,Low Demand,✅ Profitable Product
72800B,270.76,140,36,31,0,270.76,0,270.76,0,Low Demand,✅ Profitable Product
72800C,235.06,126,30,26,0,235.06,0,235.06,0,Low Demand,✅ Profitable Product
72800D,219.3,86,29,20,0,219.3,0,219.3,0,Low Demand,✅ Profitable Product
72800E,921.39,453,96,62,0,921.39,0,921.39,0,Low Demand,✅ Profitable Product
72801C,163.38,138,14,13,0,163.38,0,163.38,0,Low Demand,📉 Low Performance
72801D,72.5,58,12,10,0,72.5,0,72.5,0,Low Demand,📉 Low Performance
72801G,68.75,55,11,9,0,68.75,0,68.75,0,Low Demand,📉 Low Performance
72802A,1259.8,312,59,44,4,1275.92,-16.12,1259.8,0,Low Demand,✅ Profitable Product
72802B,1293.44,568,80,55,5,1749.94,-456.5,1293.44,0,Low Demand,✅ Profitable Product
72802C,1965.56,870,92,64,4,2545.37,-579.81,1965.56,0,Low Demand,✅ Profitable Product
72803A,714,528,42,30,2,722.5,-8.5,714,0,Low Demand,✅ Profitable Product
72807A,1368.03,331,71,53,5,1406.28,-38.25,1368.03,0,Low Demand,✅ Profitable Product
72807B,1430.75,347,79,56,1,1443.5,-12.75,1430.75,0,Low Demand,✅ Profitable Product
72807C,2211.27,535,122,84,10,2727.97,-516.7,2211.27,0,Low Demand,✅ Profitable Product
72811,67.25,49,6,6,0,67.25,0,67.25,0,Low Demand,📉 Low Performance
72812,49.98,18,4,3,0,49.98,0,49.98,0,Low Demand,📉 Low Performance
72815,-7.5,-2,2,2,1,7.5,-15,-7.5,0,Low Demand,🚨 Loss Making Product
72816,812.51,803,32,26,1,842.51,-30,812.51,0,Low Demand,✅ Profitable Product
72817,931.4,1024,95,74,1,961.4,-30,931.4,0,Low Demand,✅ Profitable Product
72818,756.85,1785,64,51,1,782.77,-25.92,756.85,0,Low Demand,✅ Profitable Product
72819,436.4,208,30,28,0,436.4,0,436.4,0,Low Demand,✅ Profitable Product
72821,18.15,11,4,4,0,18.15,0,18.15,0,Low Demand,📉 Low Performance
75011,138.76,172,12,9,0,138.76,0,138.76,0,Low Demand,📉 Low Performance
75013B,41.25,25,6,6,0,41.25,0,41.25,0,Low Demand,📉 Low Performance
75049L,5902.85,6593,138,71,20,6107.05,-204.2,5902.85,2,Hidden Loss,✅ Profitable Product
75131,522.56,488,13,13,0,522.56,0,522.56,0,Low Demand,✅ Profitable Product
75172,85.31,93,8,8,0,85.31,0,85.31,0,Low Demand,📉 Low Performance
75178,210.19,455,9,6,0,210.19,0,210.19,0,Low Demand,✅ Profitable Product
77079,2.12,1,1,1,0,2.12,0,2.12,0,Low Demand,📉 Low Performance
77101A,423.22,386,20,16,0,423.22,0,423.22,0,Low Demand,✅ Profitable Product
78033,161.5,34,9,6,2,179.35,-17.85,161.5,0,Low Demand,📉 Low Performance
78034B,15.6,8,6,6,0,15.6,0,15.6,0,Low Demand,📉 Low Performance
78124,247.75,191,17,16,0,247.75,0,247.75,0,Low Demand,✅ Profitable Product
79000,2755.55,3799,99,69,4,2761.6,-6.05,2755.55,0,Low Demand,✅ Profitable Product
79026B,10.61,25,9,7,0,10.61,0,10.61,0,Low Demand,📉 Low Performance
79030D,217.59,461,31,26,1,217.98,-0.39,217.59,0,Low Demand,✅ Profitable Product
79030G,610.08,1364,52,44,0,610.08,0,610.08,0,Low Demand,✅ Profitable Product
79051A,265.39,791,37,32,0,265.39,0,265.39,0,Low Demand,✅ Profitable Product
79062D,19.4,52,4,4,0,19.4,0,19.4,0,Low Demand,📉 Low Performance
79063C,43.65,235,14,13,0,43.65,0,43.65,0,Low Demand,📉 Low Performance
79063D,34.91,189,10,9,0,34.91,0,34.91,0,Low Demand,📉 Low Performance
79066K,607.93,727,113,70,3,618.13,-10.2,607.93,0,Low Demand,✅ Profitable Product
79067,496.25,143,18,16,0,496.25,0,496.25,0,Low Demand,✅ Profitable Product
79071B,59,20,11,10,0,59,0,59,0,Low Demand,📉 Low Performance
79144B,42.96,108,15,14,0,42.96,0,42.96,0,Low Demand,📉 Low Performance
79144C,24.48,64,6,5,0,24.48,0,24.48,0,Low Demand,📉 Low Performance
79149B,7.56,18,8,8,0,7.56,0,7.56,0,Low Demand,📉 Low Performance
79151B,4.62,11,2,2,0,4.62,0,4.62,0,Low Demand,📉 Low Performance
79157B,3.4,4,2,2,0,3.4,0,3.4,0,Low Demand,📉 Low Performance
79157V,4.25,5,3,3,0,4.25,0,4.25,0,Low Demand,📉 Low Performance
79160,782.04,438,51,30,3,798.84,-16.8,782.04,0,Low Demand,✅ Profitable Product
79161A,5.9,2,2,2,0,5.9,0,5.9,0,Low Demand,📉 Low Performance
79163,616.71,1507,36,25,3,621.87,-5.16,616.71,0,Low Demand,✅ Profitable Product
79164,695.01,1669,20,12,1,699.96,-4.95,695.01,0,Low Demand,✅ Profitable Product
79190A,141.54,337,35,24,1,142.8,-1.26,141.54,0,Low Demand,📉 Low Performance
79190B,238.38,639,37,24,2,245.1,-6.72,238.38,0,Low Demand,✅ Profitable Product
79190D,95.34,227,25,16,0,95.34,0,95.34,0,Low Demand,📉 Low Performance
79191B,120.7,142,27,23,1,130.9,-10.2,120.7,0,Low Demand,📉 Low Performance
79191C,678.23,947,78,58,13,812.53,-134.3,678.23,0,Low Demand,⚠️ High Return Risk
79191D,11.05,13,8,7,1,21.25,-10.2,11.05,0,Low Demand,📉 Low Performance
79192A,3.75,3,2,2,0,3.75,0,3.75,0,Low Demand,📉 Low Performance
79302M,950.45,355,47,26,0,950.45,0,950.45,0,Low Demand,✅ Profitable Product
79320,-4.95,-1,1,1,1,0,-4.95,-4.95,0,Low Demand,🚨 Loss Making Product
79321,45936.81,9570,525,205,6,46286.51,-349.7,45936.81,1,Stable,✅ Profitable Product
79323B,0,0,3,2,2,54,-54,0,0,Low Demand,📉 Low Performance
79323P,-27,-4,3,1,2,27,-54,-27,0,Low Demand,🚨 Loss Making Product
79323W,-54,-8,1,1,1,0,-54,-54,0,Low Demand,🚨 Loss Making Product
79329,12.18,12,2,2,0,12.18,0,12.18,0,Low Demand,📉 Low Performance
79331,17.5,26,3,3,0,17.5,0,17.5,0,Low Demand,📉 Low Performance
79336,13.68,36,3,2,0,13.68,0,13.68,0,Low Demand,📉 Low Performance
79337,257.68,638,11,9,1,259.96,-2.28,257.68,0,Low Demand,✅ Profitable Product
79403,75.65,89,11,9,0,75.65,0,75.65,0,Low Demand,📉 Low Performance
79406,30.8,140,6,6,0,30.8,0,30.8,0,Low Demand,📉 Low Performance
81950B,33.93,117,8,8,0,33.93,0,33.93,0,Low Demand,📉 Low Performance
81950V,8.89,21,6,6,0,8.89,0,8.89,0,Low Demand,📉 Low Performance
81952B,38,200,9,9,0,38,0,38,0,Low Demand,📉 Low Performance
81952V,69.73,367,24,22,0,69.73,0,69.73,0,Low Demand,📉 Low Performance
81953B,2.09,11,3,2,0,2.09,0,2.09,0,Low Demand,📉 Low Performance
81953P,5.32,28,3,2,0,5.32,0,5.32,0,Low Demand,📉 Low Performance
82001S,5205.55,1501,109,49,4,5231.08,-25.53,5205.55,0,Low Demand,✅ Profitable Product
82011A,60,16,10,8,0,60,0,60,0,Low Demand,📉 Low Performance
82011B,139.35,41,19,11,0,139.35,0,139.35,0,Low Demand,📉 Low Performance
82011C,172.05,51,20,17,0,172.05,0,172.05,0,Low Demand,📉 Low Performance
82095,53.55,7,4,4,0,53.55,0,53.55,0,Low Demand,📉 Low Performance
82482,19420.1,8043,894,411,18,20001.65,-581.55,19420.1,1,Stable,✅ Profitable Product
82483,13449.17,2135,549,243,45,14689.87,-1240.7,13449.17,1,Stable,✅ Profitable Product
82484,34307.06,5897,615,285,11,34478.01,-170.95,34307.06,1,Stable,✅ Profitable Product
82486,17004.73,2015,580,236,21,17590.63,-585.9,17004.73,1,Stable,✅ Profitable Product
82494L,16836.52,5977,826,392,16,17625.07,-788.55,16836.52,1,Stable,✅ Profitable Product
82551,4224.52,2787,256,156,3,4229.72,-5.2,4224.52,2,Hidden Loss,✅ Profitable Product
82552,4462.37,2922,292,184,0,4462.37,0,4462.37,2,Hidden Loss,✅ Profitable Product
82567,1011.41,497,149,86,0,1011.41,0,1011.41,0,Low Demand,✅ Profitable Product
82578,1081.96,1944,221,142,1,1088.56,-6.6,1081.96,2,Hidden Loss,✅ Profitable Product
82580,2891.05,5215,388,210,5,3018.05,-127,2891.05,2,Hidden Loss,✅ Profitable Product
82581,1985.97,3728,307,172,5,1997.13,-11.16,1985.97,2,Hidden Loss,✅ Profitable Product
82582,8512.32,4271,378,177,4,8552.22,-39.9,8512.32,2,Hidden Loss,✅ Profitable Product
82583,12698.68,6343,393,206,10,12832.14,-133.46,12698.68,2,Hidden Loss,✅ Profitable Product
82599,879.18,421,85,67,0,879.18,0,879.18,0,Low Demand,✅ Profitable Product
82600,12024.08,5795,423,221,4,12097.38,-73.3,12024.08,2,Hidden Loss,✅ Profitable Product
82605,29.4,14,3,3,0,29.4,0,29.4,0,Low Demand,📉 Low Performance
82613A,83.75,67,14,13,0,83.75,0,83.75,0,Low Demand,📉 Low Performance
82613B,260.45,381,46,39,1,268.85,-8.4,260.45,0,Low Demand,✅ Profitable Product
82613C,227.05,341,38,33,1,235.45,-8.4,227.05,0,Low Demand,✅ Profitable Product
82613D,263.7,450,51,43,1,272.1,-8.4,263.7,0,Low Demand,✅ Profitable Product
82615,91.8,36,1,1,0,91.8,0,91.8,0,Low Demand,📉 Low Performance
82616B,405.53,299,48,35,1,416.78,-11.25,405.53,0,Low Demand,✅ Profitable Product
82616C,381.77,274,53,40,1,385.52,-3.75,381.77,0,Low Demand,✅ Profitable Product
84006,706.35,831,78,46,1,707.2,-0.85,706.35,0,Low Demand,✅ Profitable Product
84012,1088,1092,95,78,1,1190,-102,1088,0,Low Demand,✅ Profitable Product
84016,10.5,25,1,1,0,10.5,0,10.5,0,Low Demand,📉 Low Performance
84029E,13354.06,3688,326,228,5,13430.51,-76.45,13354.06,2,Hidden Loss,✅ Profitable Product
84029G,9271.17,2455,323,212,4,9329.17,-58,9271.17,2,Hidden Loss,✅ Profitable Product
84030E,5755.16,1420,279,198,2,5767.91,-12.75,5755.16,2,Hidden Loss,✅ Profitable Product
84031A,460.78,154,50,35,1,499.78,-39,460.78,0,Low Demand,✅ Profitable Product
84031B,301.79,73,38,30,1,342.74,-40.95,301.79,0,Low Demand,✅ Profitable Product
84032A,1030.31,421,107,79,2,1112.91,-82.6,1030.31,0,Low Demand,✅ Profitable Product
84032B,1208.5,588,134,108,4,1342,-133.5,1208.5,0,Low Demand,✅ Profitable Product
84033,37.95,23,7,7,0,37.95,0,37.95,0,Low Demand,📉 Low Performance
84050,4356.33,3125,203,140,3,4379.03,-22.7,4356.33,2,Hidden Loss,✅ Profitable Product
84051,212.8,280,24,24,0,212.8,0,212.8,0,Low Demand,✅ Profitable Product
84077,13332.33,53215,477,307,5,13586.25,-253.92,13332.33,1,Stable,✅ Profitable Product
84078A,11758.9,322,114,79,8,13007.15,-1248.25,11758.9,2,Hidden Loss,✅ Profitable Product
84086B,44.25,15,8,3,1,47.2,-2.95,44.25,0,Low Demand,📉 Low Performance
84086C,413,140,19,13,0,413,0,413,0,Low Demand,✅ Profitable Product
84192,143.75,115,25,19,0,143.75,0,143.75,0,Low Demand,📉 Low Performance
84199,27.09,129,28,28,0,27.09,0,27.09,0,Low Demand,📉 Low Performance
84201B,2.47,13,2,2,0,2.47,0,2.47,0,Low Demand,📉 Low Performance
84201C,0.95,5,1,1,0,0.95,0,0.95,0,Low Demand,📉 Low Performance
84206A,4.56,24,3,3,0,4.56,0,4.56,0,Low Demand,📉 Low Performance
84206B,0.95,5,1,1,0,0.95,0,0.95,0,Low Demand,📉 Low Performance
84206C,1.52,8,2,2,0,1.52,0,1.52,0,Low Demand,📉 Low Performance
84212,4871.45,10297,103,72,0,4871.45,0,4871.45,2,Hidden Loss,✅ Profitable Product
84218,222.3,122,40,37,0,222.3,0,222.3,0,Low Demand,✅ Profitable Product
84226,34.51,49,9,9,0,34.51,0,34.51,0,Low Demand,📉 Low Performance
84227,0.42,1,1,1,0,0.42,0,0.42,0,Low Demand,📉 Low Performance
84228,112.86,283,20,16,1,113.28,-0.42,112.86,0,Low Demand,📉 Low Performance
84231,68.25,105,18,13,0,68.25,0,68.25,0,Low Demand,📉 Low Performance
84247E,177,60,25,23,2,244.85,-67.85,177,0,Low Demand,📉 Low Performance
84247G,141.12,336,23,17,0,141.12,0,141.12,0,Low Demand,📉 Low Performance
84247K,35.4,12,10,7,1,67.85,-32.45,35.4,0,Low Demand,📉 Low Performance
84247L,45.36,108,8,8,0,45.36,0,45.36,0,Low Demand,📉 Low Performance
84247N,64.9,22,18,16,0,64.9,0,64.9,0,Low Demand,📉 Low Performance
84249A,68.84,160,13,12,0,68.84,0,68.84,0,Low Demand,📉 Low Performance
84251B,27.55,145,15,12,1,29.83,-2.28,27.55,0,Low Demand,📉 Low Performance
84251C,4.56,24,2,2,0,4.56,0,4.56,0,Low Demand,📉 Low Performance
84251G,34.2,180,15,15,0,34.2,0,34.2,0,Low Demand,📉 Low Performance
84279B,651.93,175,60,48,3,678.18,-26.25,651.93,0,Low Demand,✅ Profitable Product
84279P,1193.97,323,101,79,7,1253.97,-60,1193.97,0,Low Demand,✅ Profitable Product
84306,21.9,2,2,2,0,21.9,0,21.9,0,Low Demand,📉 Low Performance
84313B,175.8,76,13,6,0,175.8,0,175.8,0,Low Demand,📉 Low Performance
84313C,908.15,461,24,17,0,908.15,0,908.15,0,Low Demand,✅ Profitable Product
84341B,252.23,618,33,30,0,252.23,0,252.23,0,Low Demand,✅ Profitable Product
84347,17293.87,-1460,308,193,3,17592.52,-298.65,17293.87,2,Hidden Loss,✅ Profitable Product
84352,475.55,29,25,16,3,543.35,-67.8,475.55,0,Low Demand,✅ Profitable Product
84356,1570.15,337,46,32,0,1570.15,0,1570.15,0,Low Demand,✅ Profitable Product
84358,287.74,32,12,6,0,287.74,0,287.74,0,Low Demand,✅ Profitable Product
84360,388.3,74,17,9,0,388.3,0,388.3,0,Low Demand,✅ Profitable Product
84375,8669.97,4136,418,290,2,8697.27,-27.3,8669.97,2,Hidden Loss,✅ Profitable Product
84378,7651.84,5947,525,376,4,7741.84,-90,7651.84,2,Hidden Loss,✅ Profitable Product
84380,6635.15,5230,505,325,7,6718.9,-83.75,6635.15,2,Hidden Loss,✅ Profitable Product
84387A,21.45,11,1,1,0,21.45,0,21.45,0,Low Demand,📉 Low Performance
84388,13.14,24,6,6,0,13.14,0,13.14,0,Low Demand,📉 Low Performance
84402B,48.19,61,3,3,0,48.19,0,48.19,0,Low Demand,📉 Low Performance
84406B,6962.88,1876,247,134,6,7125.38,-162.5,6962.88,2,Hidden Loss,✅ Profitable Product
84415A,15,12,2,2,0,15,0,15,0,Low Demand,📉 Low Performance
84415B,12.5,6,2,2,0,12.5,0,12.5,0,Low Demand,📉 Low Performance
84422,201.69,503,9,8,1,220.41,-18.72,201.69,0,Low Demand,✅ Profitable Product
84429A,138.65,47,14,13,0,138.65,0,138.65,0,Low Demand,📉 Low Performance
84452,59.5,70,17,14,1,62.9,-3.4,59.5,0,Low Demand,📉 Low Performance
84457,102,120,21,21,0,102,0,102,0,Low Demand,📉 Low Performance
84459A,818.23,611,56,50,3,907.63,-89.4,818.23,0,Low Demand,✅ Profitable Product
84459B,938.12,676,60,54,0,938.12,0,938.12,0,Low Demand,✅ Profitable Product
84461,89.25,35,15,13,1,104.55,-15.3,89.25,0,Low Demand,📉 Low Performance
84462,15,12,6,6,0,15,0,15,0,Low Demand,📉 Low Performance
84465,29.5,10,7,7,0,29.5,0,29.5,0,Low Demand,📉 Low Performance
84466,57.5,46,10,8,0,57.5,0,57.5,0,Low Demand,📉 Low Performance
84497,48.75,13,7,7,0,48.75,0,48.75,0,Low Demand,📉 Low Performance
84499,5.95,7,2,2,0,5.95,0,5.95,0,Low Demand,📉 Low Performance
84507B,79.05,31,14,10,0,79.05,0,79.05,0,Low Demand,📉 Low Performance
84507C,142.8,56,27,11,2,160.65,-17.85,142.8,0,Low Demand,📉 Low Performance
84508A,3442.95,1629,36,17,1,3445.5,-2.55,3442.95,0,Low Demand,✅ Profitable Product
84508B,130.05,51,31,22,1,145.35,-15.3,130.05,0,Low Demand,📉 Low Performance
84508C,132.6,52,20,14,0,132.6,0,132.6,0,Low Demand,📉 Low Performance
84509A,2160.89,603,142,103,3,2194.64,-33.75,2160.89,0,Low Demand,✅ Profitable Product
84509B,585,156,48,37,0,585,0,585,0,Low Demand,✅ Profitable Product
84509C,273.3,78,23,20,0,273.3,0,273.3,0,Low Demand,✅ Profitable Product
84509E,101.06,70,8,7,0,101.06,0,101.06,0,Low Demand,📉 Low Performance
84509G,856.25,491,46,42,0,856.25,0,856.25,0,Low Demand,✅ Profitable Product
84510A,1294.34,1062,145,100,1,1295.59,-1.25,1294.34,0,Low Demand,✅ Profitable Product
84510C,124.92,98,32,25,0,124.92,0,124.92,0,Low Demand,📉 Low Performance
84510E,26.05,25,9,9,0,26.05,0,26.05,0,Low Demand,📉 Low Performance
84519A,739.19,477,61,45,0,739.19,0,739.19,0,Low Demand,✅ Profitable Product
84519B,547.24,426,91,63,0,547.24,0,547.24,0,Low Demand,✅ Profitable Product
84520B,388.69,481,54,51,0,388.69,0,388.69,0,Low Demand,✅ Profitable Product
84522,23.4,12,6,6,0,23.4,0,23.4,0,Low Demand,📉 Low Performance
84527,84.45,47,6,6,0,84.45,0,84.45,0,Low Demand,📉 Low Performance
84531A,71.76,140,25,24,0,71.76,0,71.76,0,Low Demand,📉 Low Performance
84531B,83.46,150,25,24,0,83.46,0,83.46,0,Low Demand,📉 Low Performance
84534B,39.1,46,5,5,0,39.1,0,39.1,0,Low Demand,📉 Low Performance
84535A,185.1,398,20,19,0,185.1,0,185.1,0,Low Demand,📉 Low Performance
84535B,701.24,1177,110,80,2,762.99,-61.75,701.24,0,Low Demand,✅ Profitable Product
84536A,1133.56,2697,222,140,1,1147,-13.44,1133.56,2,Hidden Loss,✅ Profitable Product
84536B,635.18,1636,101,74,2,655.34,-20.16,635.18,0,Low Demand,✅ Profitable Product
84539,26.4,16,1,1,0,26.4,0,26.4,0,Low Demand,📉 Low Performance
84548,24.75,15,3,3,0,24.75,0,24.75,0,Low Demand,📉 Low Performance
84549,46.35,31,3,3,0,46.35,0,46.35,0,Low Demand,📉 Low Performance
84550,1.65,1,1,1,0,1.65,0,1.65,0,Low Demand,📉 Low Performance
84551,1.65,1,1,1,0,1.65,0,1.65,0,Low Demand,📉 Low Performance
84558A,864.35,293,60,49,0,864.35,0,864.35,0,Low Demand,✅ Profitable Product
84559A,231.98,272,42,34,0,231.98,0,231.98,0,Low Demand,✅ Profitable Product
84559B,180.2,212,44,37,1,183.6,-3.4,180.2,0,Low Demand,📉 Low Performance
84562A,15.9,2,2,2,0,15.9,0,15.9,0,Low Demand,📉 Low Performance
84563A,198.05,59,14,11,0,198.05,0,198.05,0,Low Demand,📉 Low Performance
84563B,221.35,73,21,18,0,221.35,0,221.35,0,Low Demand,✅ Profitable Product
84568,2332.8,12480,23,18,0,2332.8,0,2332.8,2,Hidden Loss,✅ Profitable Product
84569A,239.96,191,26,26,0,239.96,0,239.96,0,Low Demand,✅ Profitable Product
84569B,95,76,11,11,0,95,0,95,0,Low Demand,📉 Low Performance
84569C,1.25,1,1,1,0,1.25,0,1.25,0,Low Demand,📉 Low Performance
84569D,338.67,269,34,32,0,338.67,0,338.67,0,Low Demand,✅ Profitable Product
84575A,33.35,13,5,4,1,39.3,-5.95,33.35,0,Low Demand,📉 Low Performance
84576,111.15,57,9,8,0,111.15,0,111.15,0,Low Demand,📉 Low Performance
84580,1260.05,335,120,91,0,1260.05,0,1260.05,0,Low Demand,✅ Profitable Product
84581,623.26,166,70,60,0,623.26,0,623.26,0,Low Demand,✅ Profitable Product
84584,211.65,83,18,18,0,211.65,0,211.65,0,Low Demand,✅ Profitable Product
84592,206.5,70,17,15,0,206.5,0,206.5,0,Low Demand,✅ Profitable Product
84593,14.75,5,1,1,0,14.75,0,14.75,0,Low Demand,📉 Low Performance
84595E,109.8,64,9,8,0,109.8,0,109.8,0,Low Demand,📉 Low Performance
84596B,2056.57,4475,362,189,1,2063.29,-6.72,2056.57,2,Hidden Loss,✅ Profitable Product
84596E,253.05,392,35,33,0,253.05,0,253.05,0,Low Demand,✅ Profitable Product
84596F,1554.91,3285,289,166,1,1561.63,-6.72,1554.91,2,Hidden Loss,✅ Profitable Product
84596G,775.02,1662,158,84,0,775.02,0,775.02,0,Low Demand,✅ Profitable Product
84596J,205.28,469,27,21,0,205.28,0,205.28,0,Low Demand,✅ Profitable Product
84596L,441.36,1039,79,49,0,441.36,0,441.36,0,Low Demand,✅ Profitable Product
84597B,51.25,41,5,3,0,51.25,0,51.25,0,Low Demand,📉 Low Performance
84597C,57.5,46,13,11,0,57.5,0,57.5,0,Low Demand,📉 Low Performance
84598,201.6,960,6,5,1,262.08,-60.48,201.6,0,Low Demand,✅ Profitable Product
84600,359.65,47,21,17,1,367.6,-7.95,359.65,0,Low Demand,✅ Profitable Product
84609,703,88,18,16,1,720,-17,703,0,Low Demand,✅ Profitable Product
84613A,27.9,6,3,3,0,27.9,0,27.9,0,Low Demand,📉 Low Performance
84613C,4.65,1,1,1,0,4.65,0,4.65,0,Low Demand,📉 Low Performance
84614A,11.9,2,1,1,0,11.9,0,11.9,0,Low Demand,📉 Low Performance
84616,239.6,8,8,6,2,329.45,-89.85,239.6,0,Low Demand,✅ Profitable Product
84617,38.25,3,3,3,0,38.25,0,38.25,0,Low Demand,📉 Low Performance
84620,11.9,2,1,1,0,11.9,0,11.9,0,Low Demand,📉 Low Performance
84625A,447.45,435,33,24,2,470.75,-23.3,447.45,0,Low Demand,✅ Profitable Product
84625C,436.5,390,33,20,5,478.15,-41.65,436.5,0,Low Demand,✅ Profitable Product
84629,145.05,19,11,10,1,150,-4.95,145.05,0,Low Demand,📉 Low Performance
84631,111.3,14,11,7,2,135.15,-23.85,111.3,0,Low Demand,📉 Low Performance
84632,299.75,5,6,5,1,359.7,-59.95,299.75,0,Low Demand,✅ Profitable Product
84637,172.55,29,13,11,0,172.55,0,172.55,0,Low Demand,📉 Low Performance
84638,132.05,19,12,11,0,132.05,0,132.05,0,Low Demand,📉 Low Performance
84658,322.38,46,16,14,0,322.38,0,322.38,0,Low Demand,✅ Profitable Product
84659A,311.76,133,23,19,1,314.31,-2.55,311.76,0,Low Demand,✅ Profitable Product
84660A,757.36,835,38,30,2,761.9,-4.54,757.36,0,Low Demand,✅ Profitable Product
84660B,686.23,697,29,20,0,686.23,0,686.23,0,Low Demand,✅ Profitable Product
84660C,590.57,639,27,20,0,590.57,0,590.57,0,Low Demand,✅ Profitable Product
84661A,132.99,94,11,10,0,132.99,0,132.99,0,Low Demand,📉 Low Performance
84661B,225.49,95,12,10,0,225.49,0,225.49,0,Low Demand,✅ Profitable Product
84661C,70.1,62,5,5,0,70.1,0,70.1,0,Low Demand,📉 Low Performance
84663A,314.93,255,28,21,3,324.04,-9.11,314.93,0,Low Demand,✅ Profitable Product
84665,505.75,85,20,14,3,624.75,-119,505.75,0,Low Demand,✅ Profitable Product
84666,94.8,24,4,4,0,94.8,0,94.8,0,Low Demand,📉 Low Performance
84673A,40.95,63,25,21,0,40.95,0,40.95,0,Low Demand,📉 Low Performance
84673B,114.21,135,42,31,0,114.21,0,114.21,0,Low Demand,📉 Low Performance
84674,417.45,183,41,31,1,429.25,-11.8,417.45,0,Low Demand,✅ Profitable Product
84675,26.55,9,2,2,0,26.55,0,26.55,0,Low Demand,📉 Low Performance
84678,222.05,135,12,11,2,227.1,-5.05,222.05,0,Low Demand,✅ Profitable Product
84679,55.7,6,2,2,0,55.7,0,55.7,0,Low Demand,📉 Low Performance
84683,147.35,187,7,6,0,147.35,0,147.35,0,Low Demand,📉 Low Performance
84685,75,20,10,6,1,78.75,-3.75,75,0,Low Demand,📉 Low Performance
84686,66.39,49,8,7,0,66.39,0,66.39,0,Low Demand,📉 Low Performance
84687,352.7,66,23,16,3,376.5,-23.8,352.7,0,Low Demand,✅ Profitable Product
84688,89.25,21,10,7,2,144.5,-55.25,89.25,0,Low Demand,📉 Low Performance
84689,9.95,3,2,2,0,9.95,0,9.95,0,Low Demand,📉 Low Performance
84691,174.5,242,4,2,0,174.5,0,174.5,0,Low Demand,📉 Low Performance
84692,2808.15,6802,366,209,2,2810.67,-2.52,2808.15,2,Hidden Loss,✅ Profitable Product
84705C,15,12,1,1,0,15,0,15,0,Low Demand,📉 Low Performance
84706D,25.7,6,3,3,0,25.7,0,25.7,0,Low Demand,📉 Low Performance
84706F,47.2,16,10,9,0,47.2,0,47.2,0,Low Demand,📉 Low Performance
84707A,440.74,66,25,21,0,440.74,0,440.74,0,Low Demand,✅ Profitable Product
84707B,178.56,29,13,13,0,178.56,0,178.56,0,Low Demand,📉 Low Performance
84708B,256.75,53,14,13,0,256.75,0,256.75,0,Low Demand,✅ Profitable Product
84709B,119,20,11,11,0,119,0,119,0,Low Demand,📉 Low Performance
84711A,139.3,14,7,7,0,139.3,0,139.3,0,Low Demand,📉 Low Performance
84711B,149.25,15,8,7,0,149.25,0,149.25,0,Low Demand,📉 Low Performance
84712B,147.87,19,11,9,0,147.87,0,147.87,0,Low Demand,📉 Low Performance
84715,47.2,16,3,3,0,47.2,0,47.2,0,Low Demand,📉 Low Performance
84723,97.95,41,6,5,0,97.95,0,97.95,0,Low Demand,📉 Low Performance
84725,39.65,41,18,16,0,39.65,0,39.65,0,Low Demand,📉 Low Performance
84731,2.04,2,2,2,0,2.04,0,2.04,0,Low Demand,📉 Low Performance
84732B,8.58,22,2,2,0,8.58,0,8.58,0,Low Demand,📉 Low Performance
84732D,4.29,11,2,2,0,4.29,0,4.29,0,Low Demand,📉 Low Performance
84741C,117,60,14,14,0,117,0,117,0,Low Demand,📉 Low Performance
84743C,1.25,1,1,1,0,1.25,0,1.25,0,Low Demand,📉 Low Performance
84744,135,108,18,17,0,135,0,135,0,Low Demand,📉 Low Performance
84745A,13.44,32,5,5,0,13.44,0,13.44,0,Low Demand,📉 Low Performance
84745B,13.44,32,5,5,0,13.44,0,13.44,0,Low Demand,📉 Low Performance
84746,11.25,3,1,1,0,11.25,0,11.25,0,Low Demand,📉 Low Performance
84748,105,28,8,7,0,105,0,105,0,Low Demand,📉 Low Performance
84750A,-5.85,-3,3,2,2,46.8,-52.65,-5.85,0,Low Demand,🚨 Loss Making Product
84750B,54.6,60,13,12,1,54.99,-0.39,54.6,0,Low Demand,📉 Low Performance
84751B,37.9,18,9,8,1,38.69,-0.79,37.9,0,Low Demand,📉 Low Performance
84754,433.82,358,37,35,1,586.46,-152.64,433.82,0,Low Demand,✅ Profitable Product
84755,9555.46,15546,540,318,11,9597.71,-42.25,9555.46,1,Stable,✅ Profitable Product
84760S,62.35,43,8,8,0,62.35,0,62.35,0,Low Demand,📉 Low Performance
84763,679.01,573,49,39,0,679.01,0,679.01,0,Low Demand,✅ Profitable Product
84766,303.45,131,17,11,3,340.7,-37.25,303.45,0,Low Demand,✅ Profitable Product
84773,8.85,3,1,1,0,8.85,0,8.85,0,Low Demand,📉 Low Performance
84789,599.55,181,43,33,0,599.55,0,599.55,0,Low Demand,✅ Profitable Product
84792,3360.5,746,194,126,4,3475.19,-114.69,3360.5,2,Hidden Loss,✅ Profitable Product
84795B,1249.65,167,40,33,0,1249.65,0,1249.65,0,Low Demand,✅ Profitable Product
84795C,15.9,2,1,1,0,15.9,0,15.9,0,Low Demand,📉 Low Performance
84796A,178.5,14,10,10,0,178.5,0,178.5,0,Low Demand,📉 Low Performance
84796B,793.35,69,17,16,0,793.35,0,793.35,0,Low Demand,✅ Profitable Product
84798A,5.1,2,4,4,1,35.7,-30.6,5.1,0,Low Demand,📉 Low Performance
84798B,17.85,7,2,2,0,17.85,0,17.85,0,Low Demand,📉 Low Performance
84799,120.32,160,11,9,2,155.48,-35.16,120.32,0,Low Demand,📉 Low Performance
84800L,598.8,336,23,20,1,639.36,-40.56,598.8,0,Low Demand,✅ Profitable Product
84800M,169.24,124,12,12,1,174.31,-5.07,169.24,0,Low Demand,📉 Low Performance
84800S,125.07,111,10,9,1,127.57,-2.5,125.07,0,Low Demand,📉 Low Performance
84801A,96.6,46,5,5,0,96.6,0,96.6,0,Low Demand,📉 Low Performance
84801B,46.2,22,3,3,0,46.2,0,46.2,0,Low Demand,📉 Low Performance
84802A,3.38,2,1,1,0,3.38,0,3.38,0,Low Demand,📉 Low Performance
84802B,6.76,4,1,1,0,6.76,0,6.76,0,Low Demand,📉 Low Performance
84803B,25.35,15,3,3,0,25.35,0,25.35,0,Low Demand,📉 Low Performance
84804A,180.58,70,8,8,0,180.58,0,180.58,0,Low Demand,📉 Low Performance
84804B,188.37,99,6,6,0,188.37,0,188.37,0,Low Demand,📉 Low Performance
84805A,52.5,30,3,3,0,52.5,0,52.5,0,Low Demand,📉 Low Performance
84805B,52.5,38,3,3,0,52.5,0,52.5,0,Low Demand,📉 Low Performance
84806A,96.89,137,11,11,0,96.89,0,96.89,0,Low Demand,📉 Low Performance
84806B,394.16,296,19,18,0,394.16,0,394.16,0,Low Demand,✅ Profitable Product
84809A,79.8,38,5,5,0,79.8,0,79.8,0,Low Demand,📉 Low Performance
84809B,37.8,18,1,1,0,37.8,0,37.8,0,Low Demand,📉 Low Performance
84813,1143.02,144,23,20,1,1146.97,-3.95,1143.02,0,Low Demand,✅ Profitable Product
84816,279.65,7,15,10,5,519.35,-239.7,279.65,0,Low Demand,✅ Profitable Product
84817,632.94,914,61,49,6,710.64,-77.7,632.94,0,Low Demand,✅ Profitable Product
84818,1360.15,1329,106,79,7,1461.6,-101.45,1360.15,0,Low Demand,✅ Profitable Product
84819,934.79,807,64,57,2,951.79,-17,934.79,0,Low Demand,✅ Profitable Product
84820,460.83,257,32,31,1,484.63,-23.8,460.83,0,Low Demand,✅ Profitable Product
84821,407.15,935,41,35,1,417.35,-10.2,407.15,0,Low Demand,✅ Profitable Product
84823,890.4,112,25,25,0,890.4,0,890.4,0,Low Demand,✅ Profitable Product
84824,31.9,2,2,2,0,31.9,0,31.9,0,Low Demand,📉 Low Performance
84826,338.38,1102,31,29,1,389.38,-51,338.38,0,Low Demand,✅ Profitable Product
84827,154.39,511,14,12,0,154.39,0,154.39,0,Low Demand,📉 Low Performance
84828,1162.41,930,112,82,1,1192.41,-30,1162.41,0,Low Demand,✅ Profitable Product
84832,2166.75,2595,189,137,1,2176.95,-10.2,2166.75,2,Hidden Loss,✅ Profitable Product
84836,7064.93,5722,478,311,2,7108.68,-43.75,7064.93,2,Hidden Loss,✅ Profitable Product
84839,-5.55,-1,1,1,1,0,-5.55,-5.55,0,Low Demand,🚨 Loss Making Product
84840,8.5,1,4,4,1,25.5,-17,8.5,0,Low Demand,📉 Low Performance
84842,52.5,14,9,8,0,52.5,0,52.5,0,Low Demand,📉 Low Performance
84843,858.4,160,42,36,1,864.35,-5.95,858.4,0,Low Demand,✅ Profitable Product
84846A,111.3,53,10,9,0,111.3,0,111.3,0,Low Demand,📉 Low Performance
84847,78.75,21,11,9,0,78.75,0,78.75,0,Low Demand,📉 Low Performance
84849A,234.91,139,32,26,1,261.95,-27.04,234.91,0,Low Demand,✅ Profitable Product
84849B,390.39,231,58,42,1,392.08,-1.69,390.39,0,Low Demand,✅ Profitable Product
84849D,772.33,457,104,66,2,809.51,-37.18,772.33,0,Low Demand,✅ Profitable Product
84854,24.75,5,1,1,0,24.75,0,24.75,0,Low Demand,📉 Low Performance
84856S,-3.81,-1,1,1,1,0,-3.81,-3.81,0,Low Demand,🚨 Loss Making Product
84857B,42.9,22,2,2,1,46.8,-3.9,42.9,0,Low Demand,📉 Low Performance
84857C,196.4,94,9,8,1,198.35,-1.95,196.4,0,Low Demand,📉 Low Performance
84858C,250.05,185,5,4,0,250.05,0,250.05,0,Low Demand,✅ Profitable Product
84859A,248.21,123,30,24,0,248.21,0,248.21,0,Low Demand,✅ Profitable Product
84859B,62.63,31,10,10,0,62.63,0,62.63,0,Low Demand,📉 Low Performance
84859C,176.39,83,21,17,0,176.39,0,176.39,0,Low Demand,📉 Low Performance
84865,115.55,26,11,8,0,115.55,0,115.55,0,Low Demand,📉 Low Performance
84870B,75,20,10,9,0,75,0,75,0,Low Demand,📉 Low Performance
84870C,75,20,10,10,0,75,0,75,0,Low Demand,📉 Low Performance
84872A,50.85,3,3,3,0,50.85,0,50.85,0,Low Demand,📉 Low Performance
84873A,33.9,2,2,2,0,33.9,0,33.9,0,Low Demand,📉 Low Performance
84874B,56.1,34,7,7,0,56.1,0,56.1,0,Low Demand,📉 Low Performance
84875B,168.75,125,15,14,0,168.75,0,168.75,0,Low Demand,📉 Low Performance
84875D,63.75,51,8,8,0,63.75,0,63.75,0,Low Demand,📉 Low Performance
84876B,253.75,203,20,17,0,253.75,0,253.75,0,Low Demand,✅ Profitable Product
84876D,191.25,125,12,12,0,191.25,0,191.25,0,Low Demand,📉 Low Performance
84877A,15,12,1,1,0,15,0,15,0,Low Demand,📉 Low Performance
84877B,157.5,126,9,8,0,157.5,0,157.5,0,Low Demand,📉 Low Performance
84877D,122.5,88,11,11,0,122.5,0,122.5,0,Low Demand,📉 Low Performance
84879,56499.22,35314,1385,679,10,56580.34,-81.12,56499.22,1,Stable,✅ Profitable Product
84880,1841.05,294,67,51,2,1896.15,-55.1,1841.05,0,Low Demand,✅ Profitable Product
84881,63.5,10,6,5,1,69.85,-6.35,63.5,0,Low Demand,📉 Low Performance
84882,127.5,34,15,12,0,127.5,0,127.5,0,Low Demand,📉 Low Performance
84884A,1072.71,285,65,52,1,1076.66,-3.95,1072.71,0,Low Demand,✅ Profitable Product
84898F,94.5,45,18,15,0,94.5,0,94.5,0,Low Demand,📉 Low Performance
84905,59.4,12,2,2,0,59.4,0,59.4,0,Low Demand,📉 Low Performance
84906,96.65,27,11,9,1,98.6,-1.95,96.65,0,Low Demand,📉 Low Performance
84907,38.25,5,3,3,0,38.25,0,38.25,0,Low Demand,📉 Low Performance
84910A,59.5,10,6,6,0,59.5,0,59.5,0,Low Demand,📉 Low Performance
84912A,386.25,103,38,25,0,386.25,0,386.25,0,Low Demand,✅ Profitable Product
84912B,558.75,149,46,32,0,558.75,0,558.75,0,Low Demand,✅ Profitable Product
84913A,172.05,37,10,10,0,172.05,0,172.05,0,Low Demand,📉 Low Performance
84913B,325.5,70,20,19,0,325.5,0,325.5,0,Low Demand,✅ Profitable Product
84915,281.95,199,11,8,0,281.95,0,281.95,0,Low Demand,✅ Profitable Product
84916,407.4,212,18,17,0,407.4,0,407.4,0,Low Demand,✅ Profitable Product
84917,400.5,170,14,13,0,400.5,0,400.5,0,Low Demand,✅ Profitable Product
84919,201.55,29,9,9,0,201.55,0,201.55,0,Low Demand,✅ Profitable Product
84920,273.75,73,26,22,0,273.75,0,273.75,0,Low Demand,✅ Profitable Product
84921,41.25,11,5,5,0,41.25,0,41.25,0,Low Demand,📉 Low Performance
84922,34,8,5,5,0,34,0,34,0,Low Demand,📉 Low Performance
84924A,281.13,72,24,21,0,281.13,0,281.13,0,Low Demand,✅ Profitable Product
84924F,7.9,10,3,3,0,7.9,0,7.9,0,Low Demand,📉 Low Performance
84925D,38.25,15,10,8,0,38.25,0,38.25,0,Low Demand,📉 Low Performance
84925F,112.48,80,14,14,0,112.48,0,112.48,0,Low Demand,📉 Low Performance
84926A,198.09,597,31,24,0,198.09,0,198.09,0,Low Demand,📉 Low Performance
84926D,266.64,705,31,25,0,266.64,0,266.64,0,Low Demand,✅ Profitable Product
84926E,329.84,990,37,32,0,329.84,0,329.84,0,Low Demand,✅ Profitable Product
84926F,171.04,399,24,19,1,178,-6.96,171.04,0,Low Demand,📉 Low Performance
84927A,53.46,45,15,12,1,53.85,-0.39,53.46,0,Low Demand,📉 Low Performance
84927D,35.58,43,12,9,1,39.78,-4.2,35.58,0,Low Demand,📉 Low Performance
84927E,67.62,55,12,10,1,71.82,-4.2,67.62,0,Low Demand,📉 Low Performance
84927F,164.4,290,41,36,1,166.35,-1.95,164.4,0,Low Demand,📉 Low Performance
84929,535.07,2225,65,58,3,545.16,-10.09,535.07,0,Low Demand,✅ Profitable Product
84931A,214.2,84,22,20,0,214.2,0,214.2,0,Low Demand,✅ Profitable Product
84931B,334.05,131,26,21,1,341.7,-7.65,334.05,0,Low Demand,✅ Profitable Product
84944,920.7,506,73,62,2,1016.4,-95.7,920.7,0,Low Demand,✅ Profitable Product
84945,8182.75,10177,324,209,18,8269.45,-86.7,8182.75,2,Hidden Loss,✅ Profitable Product
84946,18866.46,16138,704,417,27,19239.42,-372.96,18866.46,1,Stable,✅ Profitable Product
84947,9301.05,8241,288,178,10,9339.34,-38.29,9301.05,2,Hidden Loss,✅ Profitable Product
84949,6780.9,4402,285,166,35,7193.25,-412.35,6780.9,2,Hidden Loss,✅ Profitable Product
84950,1984.87,3351,91,67,4,1990.97,-6.1,1984.87,0,Low Demand,✅ Profitable Product
84951A,296.1,339,34,26,1,315.06,-18.96,296.1,0,Low Demand,✅ Profitable Product
84951B,318.44,334,31,24,0,318.44,0,318.44,0,Low Demand,✅ Profitable Product
84952A,146.21,38,6,6,0,146.21,0,146.21,0,Low Demand,📉 Low Performance
84952B,236.21,142,14,10,1,247.46,-11.25,236.21,0,Low Demand,✅ Profitable Product
84952C,225,140,9,7,0,225,0,225,0,Low Demand,✅ Profitable Product
84963A,171.8,4,1,1,0,171.8,0,171.8,0,Low Demand,📉 Low Performance
84963B,149.85,3,1,1,0,149.85,0,149.85,0,Low Demand,📉 Low Performance
84968A,1660.35,137,51,32,3,1787.85,-127.5,1660.35,0,Low Demand,✅ Profitable Product
84968B,25.5,2,2,2,0,25.5,0,25.5,0,Low Demand,📉 Low Performance
84968C,1147.5,90,50,37,2,1198.5,-51,1147.5,0,Low Demand,✅ Profitable Product
84968D,802.17,61,32,27,1,814.92,-12.75,802.17,0,Low Demand,✅ Profitable Product
84968E,1035.06,87,22,15,0,1035.06,0,1035.06,0,Low Demand,✅ Profitable Product
84968F,951.3,78,30,25,0,951.3,0,951.3,0,Low Demand,✅ Profitable Product
84969,1259.49,293,75,48,2,1267.99,-8.5,1259.49,0,Low Demand,✅ Profitable Product
84970L,5653.38,5688,337,234,1,5664.78,-11.4,5653.38,2,Hidden Loss,✅ Profitable Product
84970S,6810.39,8445,418,271,6,6830.59,-20.2,6810.39,2,Hidden Loss,✅ Profitable Product
84971S,1385.9,1678,115,69,1,1386.75,-0.85,1385.9,0,Low Demand,✅ Profitable Product
84974,398,40,28,26,0,398,0,398,0,Low Demand,✅ Profitable Product
84975,8.45,5,2,2,0,8.45,0,8.45,0,Low Demand,📉 Low Performance
84976,409.62,488,31,27,2,420.68,-11.06,409.62,0,Low Demand,✅ Profitable Product
84978,12468.13,10805,602,304,30,12674.72,-206.59,12468.13,1,Stable,✅ Profitable Product
84984A,88.35,19,6,4,0,88.35,0,88.35,0,Low Demand,📉 Low Performance
84984B,79.05,17,5,4,0,79.05,0,79.05,0,Low Demand,📉 Low Performance
84984D,60.45,13,4,3,0,60.45,0,60.45,0,Low Demand,📉 Low Performance
84985A,53.65,37,19,15,1,60.9,-7.25,53.65,0,Low Demand,📉 Low Performance
84987,4056.93,2913,243,203,3,4078.68,-21.75,4056.93,2,Hidden Loss,✅ Profitable Product
84988,5547.83,3941,309,209,2,5566.68,-18.85,5547.83,2,Hidden Loss,✅ Profitable Product
84989A,15.4,28,17,16,0,15.4,0,15.4,0,Low Demand,📉 Low Performance
84990,1.1,2,2,2,0,1.1,0,1.1,0,Low Demand,📉 Low Performance
84991,8535.87,17539,664,415,7,8618.37,-82.5,8535.87,1,Stable,✅ Profitable Product
84992,6212.76,12940,505,325,4,6274.9,-62.14,6212.76,2,Hidden Loss,✅ Profitable Product
84993A,128.1,305,33,30,0,128.1,0,128.1,0,Low Demand,📉 Low Performance
84993B,23.94,57,17,16,0,23.94,0,23.94,0,Low Demand,📉 Low Performance
84997A,9568.34,2512,237,143,3,9618.29,-49.95,9568.34,2,Hidden Loss,✅ Profitable Product
84997B,15031.31,4001,329,202,3,15158.81,-127.5,15031.31,2,Hidden Loss,✅ Profitable Product
84997C,14021.84,3688,310,202,2,14044.74,-22.9,14021.84,2,Hidden Loss,✅ Profitable Product
84997D,18698.25,4893,427,249,3,18807,-108.75,18698.25,2,Hidden Loss,✅ Profitable Product
85006,57.25,55,9,9,0,57.25,0,57.25,0,Low Demand,📉 Low Performance
85008,55.95,12,7,7,0,55.95,0,55.95,0,Low Demand,📉 Low Performance
85014A,6332.24,1127,257,184,1,6367.94,-35.7,6332.24,2,Hidden Loss,✅ Profitable Product
85014B,10235.57,1844,305,211,2,10247.47,-11.9,10235.57,2,Hidden Loss,✅ Profitable Product
85015,1591.42,2130,113,103,0,1591.42,0,1591.42,0,Low Demand,✅ Profitable Product
85016,459,522,25,22,0,459,0,459,0,Low Demand,✅ Profitable Product
85017A,5.1,6,2,2,0,5.1,0,5.1,0,Low Demand,📉 Low Performance
85017B,481.35,935,75,65,1,491.55,-10.2,481.35,0,Low Demand,✅ Profitable Product
85017C,27.02,50,10,10,0,27.02,0,27.02,0,Low Demand,📉 Low Performance
85018D,30.6,12,7,6,0,30.6,0,30.6,0,Low Demand,📉 Low Performance
85019A,547.25,409,28,25,0,547.25,0,547.25,0,Low Demand,✅ Profitable Product
85019B,640.5,498,25,21,0,640.5,0,640.5,0,Low Demand,✅ Profitable Product
85019C,211.25,169,11,9,1,262.25,-51,211.25,0,Low Demand,✅ Profitable Product
85020,163.8,78,16,11,0,163.8,0,163.8,0,Low Demand,📉 Low Performance
85023B,79.05,31,14,11,2,232.8,-153.75,79.05,0,Low Demand,📉 Low Performance
85023C,-2.55,-1,1,1,1,0,-2.55,-2.55,0,Low Demand,🚨 Loss Making Product
85024B,289.65,193,12,12,0,289.65,0,289.65,0,Low Demand,✅ Profitable Product
85024C,18.15,11,10,9,1,19.8,-1.65,18.15,0,Low Demand,📉 Low Performance
85025B,472.8,304,22,21,1,474.45,-1.65,472.8,0,Low Demand,✅ Profitable Product
85025C,476.35,307,29,28,1,478,-1.65,476.35,0,Low Demand,✅ Profitable Product
85026B,63.75,75,9,9,0,63.75,0,63.75,0,Low Demand,📉 Low Performance
85027L,150.75,65,19,17,1,160.5,-9.75,150.75,0,Low Demand,📉 Low Performance
85028L,19.5,10,4,4,0,19.5,0,19.5,0,Low Demand,📉 Low Performance
85028S,51.6,24,8,8,0,51.6,0,51.6,0,Low Demand,📉 Low Performance
85030,29.25,15,6,6,0,29.25,0,29.25,0,Low Demand,📉 Low Performance
85031A,45.9,16,7,7,0,45.9,0,45.9,0,Low Demand,📉 Low Performance
85031B,4.95,1,1,1,0,4.95,0,4.95,0,Low Demand,📉 Low Performance
85031C,14.85,3,1,1,0,14.85,0,14.85,0,Low Demand,📉 Low Performance
85032A,679.8,738,96,82,0,679.8,0,679.8,0,Low Demand,✅ Profitable Product
85032B,663.6,751,93,84,0,663.6,0,663.6,0,Low Demand,✅ Profitable Product
85032C,558.6,585,85,72,1,566.4,-7.8,558.6,0,Low Demand,✅ Profitable Product
85032D,459.7,618,59,58,1,467.5,-7.8,459.7,0,Low Demand,✅ Profitable Product
85034A,823.29,485,70,58,3,844.04,-20.75,823.29,0,Low Demand,✅ Profitable Product
85034B,1362.44,884,90,80,0,1362.44,0,1362.44,0,Low Demand,✅ Profitable Product
85034C,1487.64,1052,136,109,5,1560.64,-73,1487.64,0,Low Demand,✅ Profitable Product
85035A,664.29,257,74,60,3,689.79,-25.5,664.29,0,Low Demand,✅ Profitable Product
85035B,820.5,558,43,38,0,820.5,0,820.5,0,Low Demand,✅ Profitable Product
85035C,1611.45,1105,107,86,0,1611.45,0,1611.45,0,Low Demand,✅ Profitable Product
85036A,674.78,210,53,48,1,676.03,-1.25,674.78,0,Low Demand,✅ Profitable Product
85036B,556.08,354,43,40,1,581.58,-25.5,556.08,0,Low Demand,✅ Profitable Product
85036C,819.27,549,79,66,3,1051.52,-232.25,819.27,0,Low Demand,✅ Profitable Product
85038,1994.26,1018,110,70,0,1994.26,0,1994.26,0,Low Demand,✅ Profitable Product
85039A,586.55,445,40,26,0,586.55,0,586.55,0,Low Demand,✅ Profitable Product
85039B,669.91,491,51,38,0,669.91,0,669.91,0,Low Demand,✅ Profitable Product
85039C,128.29,221,13,10,1,129.94,-1.65,128.29,0,Low Demand,📉 Low Performance
85040A,1321.79,791,132,88,7,1348.19,-26.4,1321.79,0,Low Demand,✅ Profitable Product
85040B,216.15,131,37,29,3,222.75,-6.6,216.15,0,Low Demand,✅ Profitable Product
85042,-14.85,-3,2,2,2,0,-14.85,-14.85,0,Low Demand,🚨 Loss Making Product
85045,166.35,37,11,10,1,186.15,-19.8,166.35,0,Low Demand,📉 Low Performance
85047,0.8,0,4,4,2,19.05,-18.25,0.8,0,Low Demand,📉 Low Performance
85048,9066.75,1225,236,173,22,9374.7,-307.95,9066.75,2,Hidden Loss,✅ Profitable Product
85049A,3592.8,2895,267,204,1,3607.8,-15,3592.8,2,Hidden Loss,✅ Profitable Product
85049B,67.5,54,13,13,0,67.5,0,67.5,0,Low Demand,📉 Low Performance
85049C,1471.35,1198,205,162,0,1471.35,0,1471.35,2,Hidden Loss,✅ Profitable Product
85049D,673.75,539,102,85,0,673.75,0,673.75,0,Low Demand,✅ Profitable Product
85049E,3480.95,2732,337,248,2,3499.7,-18.75,3480.95,2,Hidden Loss,✅ Profitable Product
85049F,467.5,374,85,70,0,467.5,0,467.5,0,Low Demand,✅ Profitable Product
85049G,1908.83,1566,229,162,2,1926.33,-17.5,1908.83,2,Hidden Loss,✅ Profitable Product
85049H,520.47,448,73,58,0,520.47,0,520.47,0,Low Demand,✅ Profitable Product
85053,3047.16,1521,247,158,14,3104.32,-57.16,3047.16,2,Hidden Loss,⚠️ High Return Risk
85054,1224.91,547,90,66,3,1233.31,-8.4,1224.91,0,Low Demand,✅ Profitable Product
85055,122.75,37,10,9,0,122.75,0,122.75,0,Low Demand,📉 Low Performance
85059,748.71,282,81,62,2,771.21,-22.5,748.71,0,Low Demand,✅ Profitable Product
85061W,1603.85,1979,110,77,2,1609.8,-5.95,1603.85,0,Low Demand,✅ Profitable Product
85062,2228.07,1376,134,97,2,2234.67,-6.6,2228.07,0,Low Demand,✅ Profitable Product
85063,-46.85,-3,2,2,2,0,-46.85,-46.85,0,Low Demand,🚨 Loss Making Product
85064,856.75,203,25,21,2,866.05,-9.3,856.75,0,Low Demand,✅ Profitable Product
85065,-12.75,-1,1,1,1,0,-12.75,-12.75,0,Low Demand,🚨 Loss Making Product
85066,20102.12,1663,470,291,26,20562.92,-460.8,20102.12,1,Stable,✅ Profitable Product
85067,126.65,7,5,5,0,126.65,0,126.65,0,Low Demand,📉 Low Performance
85068,-7.95,-1,1,1,1,0,-7.95,-7.95,0,Low Demand,🚨 Loss Making Product
85071A,64.4,824,92,78,2,512.8,-448.4,64.4,0,Low Demand,📉 Low Performance
85071B,616.74,1254,104,88,1,622.64,-5.9,616.74,0,Low Demand,✅ Profitable Product
85071C,313.78,607,72,62,0,313.78,0,313.78,0,Low Demand,✅ Profitable Product
85071D,205.98,362,64,58,0,205.98,0,205.98,0,Low Demand,✅ Profitable Product
85078,376.5,1746,65,46,0,376.5,0,376.5,0,Low Demand,✅ Profitable Product
85084,14.45,17,6,6,0,14.45,0,14.45,0,Low Demand,📉 Low Performance
85086A,38.25,45,8,8,0,38.25,0,38.25,0,Low Demand,📉 Low Performance
85087,116.41,39,8,7,1,119.36,-2.95,116.41,0,Low Demand,📉 Low Performance
85088,381.07,186,21,18,1,385.27,-4.2,381.07,0,Low Demand,✅ Profitable Product
85089,41.3,14,5,5,0,41.3,0,41.3,0,Low Demand,📉 Low Performance
85092,40.05,27,2,2,0,40.05,0,40.05,0,Low Demand,📉 Low Performance
85093,227.49,451,20,20,0,227.49,0,227.49,0,Low Demand,✅ Profitable Product
85094,122.94,502,30,29,0,122.94,0,122.94,0,Low Demand,📉 Low Performance
85095,128.26,66,10,9,0,128.26,0,128.26,0,Low Demand,📉 Low Performance
85096,75,20,11,10,0,75,0,75,0,Low Demand,📉 Low Performance
85098B,-3.75,-1,1,1,1,0,-3.75,-3.75,0,Low Demand,🚨 Loss Making Product
85099B,83236.76,45066,1643,636,44,85220.78,-1984.02,83236.76,3,Critical Loss,✅ Profitable Product
85099C,23164.16,12512,663,306,14,23675.04,-510.88,23164.16,1,Stable,✅ Profitable Product
85099F,30195.71,16557,667,317,13,30644.2,-448.49,30195.71,1,Stable,✅ Profitable Product
85103,325.3,54,7,6,1,545.45,-220.15,325.3,0,Low Demand,✅ Profitable Product
85104,493.63,193,15,13,1,502.48,-8.85,493.63,0,Low Demand,✅ Profitable Product
85106,918.06,530,9,9,0,918.06,0,918.06,0,Low Demand,✅ Profitable Product
85107,516.45,243,25,21,0,516.45,0,516.45,0,Low Demand,✅ Profitable Product
85109,10.2,12,1,1,0,10.2,0,10.2,0,Low Demand,📉 Low Performance
85111,419.55,1407,51,40,0,419.55,0,419.55,0,Low Demand,✅ Profitable Product
85114A,893.25,585,42,20,0,893.25,0,893.25,0,Low Demand,✅ Profitable Product
85114B,622.8,392,52,36,1,626.1,-3.3,622.8,0,Low Demand,✅ Profitable Product
85114C,730.05,457,60,37,0,730.05,0,730.05,0,Low Demand,✅ Profitable Product
85116,639.8,664,39,30,2,702.8,-63,639.8,0,Low Demand,✅ Profitable Product
85118,119.49,129,8,5,2,135.74,-16.25,119.49,0,Low Demand,📉 Low Performance
85123A,93979.2,34204,2020,858,42,100603.5,-6624.3,93979.2,3,Critical Loss,✅ Profitable Product
85124B,193.8,76,30,23,1,209.1,-15.3,193.8,0,Low Demand,📉 Low Performance
85124C,214.2,84,31,23,0,214.2,0,214.2,0,Low Demand,✅ Profitable Product
85125,584.65,129,18,14,0,584.65,0,584.65,0,Low Demand,✅ Profitable Product
85126,-6.75,-1,1,1,1,0,-6.75,-6.75,0,Low Demand,🚨 Loss Making Product
85127,371.25,75,20,17,1,396,-24.75,371.25,0,Low Demand,✅ Profitable Product
85129B,124.11,101,16,10,0,124.11,0,124.11,0,Low Demand,📉 Low Performance
85129C,99.88,77,12,8,0,99.88,0,99.88,0,Low Demand,📉 Low Performance
85129D,241.38,166,34,16,0,241.38,0,241.38,0,Low Demand,✅ Profitable Product
85130A,127.05,77,10,10,0,127.05,0,127.05,0,Low Demand,📉 Low Performance
85130B,707.7,816,50,44,0,707.7,0,707.7,0,Low Demand,✅ Profitable Product
85130C,425.71,479,43,37,0,425.71,0,425.71,0,Low Demand,✅ Profitable Product
85130D,526.38,552,51,41,0,526.38,0,526.38,0,Low Demand,✅ Profitable Product
85131A,450.9,456,28,21,3,462.17,-11.27,450.9,0,Low Demand,✅ Profitable Product
85131B,120.38,142,13,2,0,120.38,0,120.38,0,Low Demand,📉 Low Performance
85131C,78.71,73,11,5,0,78.71,0,78.71,0,Low Demand,📉 Low Performance
85131D,113.09,115,12,5,0,113.09,0,113.09,0,Low Demand,📉 Low Performance
85132A,963.35,453,53,38,2,967.25,-3.9,963.35,0,Low Demand,✅ Profitable Product
85132B,1048.35,513,60,44,0,1048.35,0,1048.35,0,Low Demand,✅ Profitable Product
85132C,2808.05,1399,130,96,4,2817.8,-9.75,2808.05,0,Low Demand,✅ Profitable Product
85135A,119.25,15,6,6,0,119.25,0,119.25,0,Low Demand,📉 Low Performance
85135B,365.7,46,35,28,1,373.65,-7.95,365.7,0,Low Demand,✅ Profitable Product
85135C,612.15,77,50,41,1,620.1,-7.95,612.15,0,Low Demand,✅ Profitable Product
85136A,405.45,51,37,35,0,405.45,0,405.45,0,Low Demand,✅ Profitable Product
85136B,15.9,2,2,2,0,15.9,0,15.9,0,Low Demand,📉 Low Performance
85136C,278.25,35,25,20,0,278.25,0,278.25,0,Low Demand,✅ Profitable Product
85141,586.9,114,41,32,3,627.45,-40.55,586.9,0,Low Demand,✅ Profitable Product
85144,586.6,222,41,38,0,586.6,0,586.6,0,Low Demand,✅ Profitable Product
85145,167.7,38,13,12,0,167.7,0,167.7,0,Low Demand,📉 Low Performance
85146,147.85,43,8,8,0,147.85,0,147.85,0,Low Demand,📉 Low Performance
85150,8686.83,3894,371,196,4,8699.13,-12.3,8686.83,2,Hidden Loss,✅ Profitable Product
85152,15403.89,8090,593,270,3,15539.11,-135.22,15403.89,1,Stable,✅ Profitable Product
85159A,697.05,411,51,38,6,779.45,-82.4,697.05,0,Low Demand,✅ Profitable Product
85159B,1047.96,584,72,45,13,1134.5,-86.54,1047.96,0,Low Demand,⚠️ High Return Risk
85160B,45.33,103,16,15,1,46.11,-0.78,45.33,0,Low Demand,📉 Low Performance
85161,221.4,12,9,8,0,221.4,0,221.4,0,Low Demand,✅ Profitable Product
85163A,349.95,45,18,15,0,349.95,0,349.95,0,Low Demand,✅ Profitable Product
85163B,320.85,43,15,11,1,333.6,-12.75,320.85,0,Low Demand,✅ Profitable Product
85167B,93,48,7,7,0,93,0,93,0,Low Demand,📉 Low Performance
85168B,149.67,17,7,5,0,149.67,0,149.67,0,Low Demand,📉 Low Performance
85169A,496.72,502,48,44,0,496.72,0,496.72,0,Low Demand,✅ Profitable Product
85169B,191.49,201,25,17,0,191.49,0,191.49,0,Low Demand,📉 Low Performance
85169C,353.72,336,21,14,0,353.72,0,353.72,0,Low Demand,✅ Profitable Product
85169D,236.48,232,22,20,0,236.48,0,236.48,0,Low Demand,✅ Profitable Product
85170A,2.1,1,1,1,0,2.1,0,2.1,0,Low Demand,📉 Low Performance
85170B,193.8,178,24,14,1,195.9,-2.1,193.8,0,Low Demand,📉 Low Performance
85170C,366.23,252,29,26,0,366.23,0,366.23,0,Low Demand,✅ Profitable Product
85170D,489.21,350,53,30,2,497.21,-8,489.21,0,Low Demand,✅ Profitable Product
85172,524.16,1248,41,34,1,557.76,-33.6,524.16,0,Low Demand,✅ Profitable Product
85173,615.72,429,50,41,1,628.47,-12.75,615.72,0,Low Demand,✅ Profitable Product
85174,1976.47,495,82,56,2,1985.67,-9.2,1976.47,0,Low Demand,✅ Profitable Product
85175,2037.5,5119,134,85,4,2078.66,-41.16,2037.5,2,Hidden Loss,✅ Profitable Product
85176,541.39,625,76,50,1,542.24,-0.85,541.39,0,Low Demand,✅ Profitable Product
85177,599.76,774,43,40,1,600.61,-0.85,599.76,0,Low Demand,✅ Profitable Product
85178,2319.34,2082,103,77,5,2642.19,-322.85,2319.34,0,Low Demand,✅ Profitable Product
85179A,188.31,119,17,15,0,188.31,0,188.31,0,Low Demand,📉 Low Performance
85179C,89.65,69,7,7,0,89.65,0,89.65,0,Low Demand,📉 Low Performance
85180A,816.44,428,38,32,1,844.34,-27.9,816.44,0,Low Demand,✅ Profitable Product
85180B,381,196,21,19,0,381,0,381,0,Low Demand,✅ Profitable Product
85183A,803.25,655,83,61,2,805.75,-2.5,803.25,0,Low Demand,✅ Profitable Product
85183B,1228.25,977,106,84,0,1228.25,0,1228.25,0,Low Demand,✅ Profitable Product
85184C,2478.43,1523,136,116,0,2478.43,0,2478.43,0,Low Demand,✅ Profitable Product
85185B,836.3,290,60,51,1,839.25,-2.95,836.3,0,Low Demand,✅ Profitable Product
85185D,44.25,15,8,7,0,44.25,0,44.25,0,Low Demand,📉 Low Performance
85186A,220.5,525,37,35,0,220.5,0,220.5,0,Low Demand,✅ Profitable Product
85186C,165.06,393,34,32,1,173.46,-8.4,165.06,0,Low Demand,📉 Low Performance
85187,515.4,324,58,53,0,515.4,0,515.4,0,Low Demand,✅ Profitable Product
85188A,254.15,299,35,29,1,256.7,-2.55,254.15,0,Low Demand,✅ Profitable Product
85188B,63.75,75,8,8,0,63.75,0,63.75,0,Low Demand,📉 Low Performance
85189,7.65,9,3,2,0,7.65,0,7.65,0,Low Demand,📉 Low Performance
85194L,723.33,873,59,52,3,747.13,-23.8,723.33,0,Low Demand,✅ Profitable Product
85194S,429.36,1134,58,50,3,447.75,-18.39,429.36,0,Low Demand,✅ Profitable Product
85195,23.1,11,3,3,0,23.1,0,23.1,0,Low Demand,📉 Low Performance
85197,69.3,33,18,18,0,69.3,0,69.3,0,Low Demand,📉 Low Performance
85198,68.06,86,6,6,0,68.06,0,68.06,0,Low Demand,📉 Low Performance
85199L,589.92,912,67,52,2,598.37,-8.45,589.92,0,Low Demand,✅ Profitable Product
85199S,935.99,2210,158,101,1,946.07,-10.08,935.99,0,Low Demand,✅ Profitable Product
85200,228.75,183,26,24,0,228.75,0,228.75,0,Low Demand,✅ Profitable Product
85202,126,300,39,34,0,126,0,126,0,Low Demand,📉 Low Performance
85203,237.96,570,49,45,0,237.96,0,237.96,0,Low Demand,✅ Profitable Product
85204,249.36,1875,43,40,1,249.48,-0.12,249.36,0,Low Demand,✅ Profitable Product
85205B,295.8,116,24,22,0,295.8,0,295.8,0,Low Demand,✅ Profitable Product
85206A,1450.2,916,103,99,0,1450.2,0,1450.2,0,Low Demand,✅ Profitable Product
85206B,23.1,14,4,4,0,23.1,0,23.1,0,Low Demand,📉 Low Performance
85208,298.74,161,24,22,0,298.74,0,298.74,0,Low Demand,✅ Profitable Product
85211,150.34,140,18,15,1,151.92,-1.58,150.34,0,Low Demand,📉 Low Performance
85212,723.72,2452,70,60,0,723.72,0,723.72,0,Low Demand,✅ Profitable Product
85213,300.52,820,25,23,1,301.37,-0.85,300.52,0,Low Demand,✅ Profitable Product
85214,169.95,103,43,36,0,169.95,0,169.95,0,Low Demand,📉 Low Performance
85215,105.95,163,8,8,0,105.95,0,105.95,0,Low Demand,📉 Low Performance
85216,35.75,55,8,6,0,35.75,0,35.75,0,Low Demand,📉 Low Performance
85224,6.3,3,1,1,0,6.3,0,6.3,0,Low Demand,📉 Low Performance
85225,6.25,6,3,3,0,6.25,0,6.25,0,Low Demand,📉 Low Performance
85227,1107.08,1322,147,115,0,1107.08,0,1107.08,0,Low Demand,✅ Profitable Product
85230A,203.28,840,18,14,0,203.28,0,203.28,0,Low Demand,✅ Profitable Product
85230B,326.24,1264,38,30,0,326.24,0,326.24,0,Low Demand,✅ Profitable Product
85230E,267.45,1101,24,17,0,267.45,0,267.45,0,Low Demand,✅ Profitable Product
85230F,90.34,338,12,11,0,90.34,0,90.34,0,Low Demand,📉 Low Performance
85230G,243.12,984,26,20,1,257.04,-13.92,243.12,0,Low Demand,✅ Profitable Product
85231B,662.71,787,109,74,1,672.06,-9.35,662.71,0,Low Demand,✅ Profitable Product
85231G,462.95,563,67,49,1,471.45,-8.5,462.95,0,Low Demand,✅ Profitable Product
85232A,334.65,71,26,22,1,349.5,-14.85,334.65,0,Low Demand,✅ Profitable Product
85232B,68.55,13,15,8,6,1326.6,-1258.05,68.55,0,Low Demand,📉 Low Performance
85232D,817.8,172,54,45,1,832.65,-14.85,817.8,0,Low Demand,✅ Profitable Product
90000A,65.45,11,6,6,0,65.45,0,65.45,0,Low Demand,📉 Low Performance
90000B,17.85,3,2,2,0,17.85,0,17.85,0,Low Demand,📉 Low Performance
90000D,35.7,6,4,4,0,35.7,0,35.7,0,Low Demand,📉 Low Performance
90001A,8.5,2,1,1,0,8.5,0,8.5,0,Low Demand,📉 Low Performance
90001B,17,4,2,2,0,17,0,17,0,Low Demand,📉 Low Performance
90001C,8.5,2,2,2,0,8.5,0,8.5,0,Low Demand,📉 Low Performance
90001D,21.25,5,3,3,0,21.25,0,21.25,0,Low Demand,📉 Low Performance
90002D,37.5,10,6,5,0,37.5,0,37.5,0,Low Demand,📉 Low Performance
90003B,7.5,2,4,3,1,22.5,-15,7.5,0,Low Demand,📉 Low Performance
90003C,30,8,6,5,1,45,-15,30,0,Low Demand,📉 Low Performance
90003D,52.5,14,8,7,1,67.5,-15,52.5,0,Low Demand,📉 Low Performance
90003E,15,4,3,2,1,30,-15,15,0,Low Demand,📉 Low Performance
90010A,62.65,7,5,5,0,62.65,0,62.65,0,Low Demand,📉 Low Performance
90010B,62.65,7,3,3,0,62.65,0,62.65,0,Low Demand,📉 Low Performance
90010E,89.5,10,7,7,0,89.5,0,89.5,0,Low Demand,📉 Low Performance
90011A,2.95,1,1,1,0,2.95,0,2.95,0,Low Demand,📉 Low Performance
90011B,20.65,7,2,2,0,20.65,0,20.65,0,Low Demand,📉 Low Performance
90012A,23.6,8,2,2,0,23.6,0,23.6,0,Low Demand,📉 Low Performance
90012B,35.4,12,2,2,0,35.4,0,35.4,0,Low Demand,📉 Low Performance
90013A,30,8,4,3,1,60,-30,30,0,Low Demand,📉 Low Performance
90013C,41.25,11,4,4,0,41.25,0,41.25,0,Low Demand,📉 Low Performance
90014A,103.2,16,10,8,0,103.2,0,103.2,0,Low Demand,📉 Low Performance
90014B,85.5,10,8,7,0,85.5,0,85.5,0,Low Demand,📉 Low Performance
90014C,32.8,4,3,3,0,32.8,0,32.8,0,Low Demand,📉 Low Performance
90016A,80.75,14,4,4,0,80.75,0,80.75,0,Low Demand,📉 Low Performance
90016B,76.5,9,8,6,0,76.5,0,76.5,0,Low Demand,📉 Low Performance
90018A,68,16,10,8,1,72.25,-4.25,68,0,Low Demand,📉 Low Performance
90018B,34,8,5,5,0,34,0,34,0,Low Demand,📉 Low Performance
90018C,21.25,5,4,3,1,25.5,-4.25,21.25,0,Low Demand,📉 Low Performance
90019A,89.1,18,9,8,0,89.1,0,89.1,0,Low Demand,📉 Low Performance
90019B,9.9,2,2,2,0,9.9,0,9.9,0,Low Demand,📉 Low Performance
90019C,19.8,4,3,3,0,19.8,0,19.8,0,Low Demand,📉 Low Performance
90021,11.95,1,1,1,0,11.95,0,11.95,0,Low Demand,📉 Low Performance
90022,15,4,5,4,1,30,-15,15,0,Low Demand,📉 Low Performance
90023,34,8,4,2,0,34,0,34,0,Low Demand,📉 Low Performance
90024B,17,2,3,2,1,34,-17,17,0,Low Demand,📉 Low Performance
90024C,17,2,1,1,0,17,0,17,0,Low Demand,📉 Low Performance
90024D,8.5,1,1,1,0,8.5,0,8.5,0,Low Demand,📉 Low Performance
90024F,17,2,1,1,0,17,0,17,0,Low Demand,📉 Low Performance
90025A,7.5,2,2,2,0,7.5,0,7.5,0,Low Demand,📉 Low Performance
90025F,3.75,1,1,1,0,3.75,0,3.75,0,Low Demand,📉 Low Performance
90026A,17,2,1,1,0,17,0,17,0,Low Demand,📉 Low Performance
90026B,17,2,2,2,0,17,0,17,0,Low Demand,📉 Low Performance
90026C,25.5,3,2,2,0,25.5,0,25.5,0,Low Demand,📉 Low Performance
90026D,25.5,3,3,3,0,25.5,0,25.5,0,Low Demand,📉 Low Performance
90027A,11.8,4,1,1,0,11.8,0,11.8,0,Low Demand,📉 Low Performance
90027D,11.8,4,1,1,0,11.8,0,11.8,0,Low Demand,📉 Low Performance
90028,17,2,1,1,0,17,0,17,0,Low Demand,📉 Low Performance
90029,25.5,3,2,2,0,25.5,0,25.5,0,Low Demand,📉 Low Performance
90030A,72,72,7,7,0,72,0,72,0,Low Demand,📉 Low Performance
90030B,131.8,112,15,13,0,131.8,0,131.8,0,Low Demand,📉 Low Performance
90030C,74,74,8,8,0,74,0,74,0,Low Demand,📉 Low Performance
90031,48,48,5,5,0,48,0,48,0,Low Demand,📉 Low Performance
90032,90.67,19,6,4,0,90.67,0,90.67,0,Low Demand,📉 Low Performance
90033,5.1,2,1,1,0,5.1,0,5.1,0,Low Demand,📉 Low Performance
90035A,43,4,2,1,0,43,0,43,0,Low Demand,📉 Low Performance
90035C,21.5,2,1,1,0,21.5,0,21.5,0,Low Demand,📉 Low Performance
90036A,47.7,6,4,3,0,47.7,0,47.7,0,Low Demand,📉 Low Performance
90036B,31.8,4,2,2,0,31.8,0,31.8,0,Low Demand,📉 Low Performance
90036C,47.7,6,2,2,0,47.7,0,47.7,0,Low Demand,📉 Low Performance
90036D,87.45,11,4,4,0,87.45,0,87.45,0,Low Demand,📉 Low Performance
90036E,55.65,7,5,4,0,55.65,0,55.65,0,Low Demand,📉 Low Performance
90036F,31.8,4,1,1,0,31.8,0,31.8,0,Low Demand,📉 Low Performance
90037B,15.3,6,1,1,0,15.3,0,15.3,0,Low Demand,📉 Low Performance
90038A,22.5,6,1,1,0,22.5,0,22.5,0,Low Demand,📉 Low Performance
90038B,22.5,6,1,1,0,22.5,0,22.5,0,Low Demand,📉 Low Performance
90038C,22.5,6,1,1,0,22.5,0,22.5,0,Low Demand,📉 Low Performance
90039A,22.5,6,1,1,0,22.5,0,22.5,0,Low Demand,📉 Low Performance
90039B,22.5,6,1,1,0,22.5,0,22.5,0,Low Demand,📉 Low Performance
90039C,3.75,1,1,1,0,3.75,0,3.75,0,Low Demand,📉 Low Performance
90039D,52.5,14,2,2,0,52.5,0,52.5,0,Low Demand,📉 Low Performance
90040A,21,6,2,2,0,21,0,21,0,Low Demand,📉 Low Performance
90040B,14,4,2,2,0,14,0,14,0,Low Demand,📉 Low Performance
90040C,24.5,7,3,3,0,24.5,0,24.5,0,Low Demand,📉 Low Performance
90041,7,2,1,1,0,7,0,7,0,Low Demand,📉 Low Performance
90042A,7.65,3,2,1,0,7.65,0,7.65,0,Low Demand,📉 Low Performance
90043,24.81,4,2,2,0,24.81,0,24.81,0,Low Demand,📉 Low Performance
90046,14.85,3,1,1,0,14.85,0,14.85,0,Low Demand,📉 Low Performance
90048,14.85,3,1,1,0,14.85,0,14.85,0,Low Demand,📉 Low Performance
90049,34.77,5,3,2,0,34.77,0,34.77,0,Low Demand,📉 Low Performance
90050,27.8,4,3,2,1,41.7,-13.9,27.8,0,Low Demand,📉 Low Performance
90051,41.7,6,3,3,0,41.7,0,41.7,0,Low Demand,📉 Low Performance
90054,2.55,1,1,1,0,2.55,0,2.55,0,Low Demand,📉 Low Performance
90055,2.55,1,1,1,0,2.55,0,2.55,0,Low Demand,📉 Low Performance
90057,1311.36,1008,22,21,0,1311.36,0,1311.36,0,Low Demand,✅ Profitable Product
90058A,109.44,288,8,7,1,123.12,-13.68,109.44,0,Low Demand,📉 Low Performance
90058B,218.88,576,16,15,1,232.56,-13.68,218.88,0,Low Demand,✅ Profitable Product
90059A,0,0,2,1,1,9.9,-9.9,0,0,Low Demand,📉 Low Performance
90059B,4.95,3,4,3,1,14.85,-9.9,4.95,0,Low Demand,📉 Low Performance
90059C,3.3,2,4,3,1,13.2,-9.9,3.3,0,Low Demand,📉 Low Performance
90059D,0,0,2,1,1,9.9,-9.9,0,0,Low Demand,📉 Low Performance
90059E,6.6,4,4,3,1,16.5,-9.9,6.6,0,Low Demand,📉 Low Performance
90059F,4.95,3,4,3,1,14.85,-9.9,4.95,0,Low Demand,📉 Low Performance
90060B,5.95,1,1,1,0,5.95,0,5.95,0,Low Demand,📉 Low Performance
90060D,17.85,3,3,3,0,17.85,0,17.85,0,Low Demand,📉 Low Performance
90062,242.25,19,7,6,1,255,-12.75,242.25,0,Low Demand,✅ Profitable Product
90063A,93.5,11,7,7,0,93.5,0,93.5,0,Low Demand,📉 Low Performance
90063B,68,8,5,5,0,68,0,68,0,Low Demand,📉 Low Performance
90064A,26.25,7,3,3,0,26.25,0,26.25,0,Low Demand,📉 Low Performance
90064B,37.5,10,7,6,1,41.25,-3.75,37.5,0,Low Demand,📉 Low Performance
90065A,54,8,3,3,0,54,0,54,0,Low Demand,📉 Low Performance
90065B,6.75,1,1,1,0,6.75,0,6.75,0,Low Demand,📉 Low Performance
90067A,29.5,10,3,3,0,29.5,0,29.5,0,Low Demand,📉 Low Performance
90069,15,2,1,1,0,15,0,15,0,Low Demand,📉 Low Performance
90070,29.75,5,4,3,1,47.6,-17.85,29.75,0,Low Demand,📉 Low Performance
90071,1.25,1,1,1,0,1.25,0,1.25,0,Low Demand,📉 Low Performance
90072,37.5,10,3,2,0,37.5,0,37.5,0,Low Demand,📉 Low Performance
90073,64.35,13,4,4,0,64.35,0,64.35,0,Low Demand,📉 Low Performance
90074,17.9,2,1,1,0,17.9,0,17.9,0,Low Demand,📉 Low Performance
90076,12.75,5,2,1,1,15.3,-2.55,12.75,0,Low Demand,📉 Low Performance
90078,15,2,1,1,0,15,0,15,0,Low Demand,📉 Low Performance
90079,24.75,5,2,2,0,24.75,0,24.75,0,Low Demand,📉 Low Performance
90081A,74.25,15,8,7,0,74.25,0,74.25,0,Low Demand,📉 Low Performance
90081C,54.45,11,6,6,0,54.45,0,54.45,0,Low Demand,📉 Low Performance
90082A,133.35,21,10,8,0,133.35,0,133.35,0,Low Demand,📉 Low Performance
90082B,171.45,27,10,8,0,171.45,0,171.45,0,Low Demand,📉 Low Performance
90082D,50.8,8,4,4,0,50.8,0,50.8,0,Low Demand,📉 Low Performance
90083,13.69,19,4,2,0,13.69,0,13.69,0,Low Demand,📉 Low Performance
90084,0.85,1,1,1,0,0.85,0,0.85,0,Low Demand,📉 Low Performance
90085,20.4,24,2,2,0,20.4,0,20.4,0,Low Demand,📉 Low Performance
90086,49.93,85,11,5,0,49.93,0,49.93,0,Low Demand,📉 Low Performance
90087,33.66,90,8,4,0,33.66,0,33.66,0,Low Demand,📉 Low Performance
90089,4.75,25,2,2,0,4.75,0,4.75,0,Low Demand,📉 Low Performance
90093,20.39,47,6,5,0,20.39,0,20.39,0,Low Demand,📉 Low Performance
90094,33.15,13,12,12,0,33.15,0,33.15,0,Low Demand,📉 Low Performance
90096,20.4,8,3,3,0,20.4,0,20.4,0,Low Demand,📉 Low Performance
90098,56.1,22,10,9,1,71.4,-15.3,56.1,0,Low Demand,📉 Low Performance
90099,51,20,13,12,0,51,0,51,0,Low Demand,📉 Low Performance
90100,2.55,1,1,1,0,2.55,0,2.55,0,Low Demand,📉 Low Performance
90101,22.95,9,5,3,1,38.25,-15.3,22.95,0,Low Demand,📉 Low Performance
90102,8.5,10,1,1,0,8.5,0,8.5,0,Low Demand,📉 Low Performance
90103,20.4,8,2,2,0,20.4,0,20.4,0,Low Demand,📉 Low Performance
90104,0.85,1,1,1,0,0.85,0,0.85,0,Low Demand,📉 Low Performance
90108,56.7,54,7,6,1,67.2,-10.5,56.7,0,Low Demand,📉 Low Performance
90114,168.3,66,11,11,0,168.3,0,168.3,0,Low Demand,📉 Low Performance
90116,27.04,16,3,3,0,27.04,0,27.04,0,Low Demand,📉 Low Performance
90118,0,0,2,1,1,15.3,-15.3,0,0,Low Demand,📉 Low Performance
90119,148.32,60,15,3,0,148.32,0,148.32,0,Low Demand,📉 Low Performance
90120B,85,20,5,5,0,85,0,85,0,Low Demand,📉 Low Performance
90120C,131.75,31,7,6,0,131.75,0,131.75,0,Low Demand,📉 Low Performance
90120D,8.5,2,2,2,0,8.5,0,8.5,0,Low Demand,📉 Low Performance
90122A,39.6,8,3,3,0,39.6,0,39.6,0,Low Demand,📉 Low Performance
90122B,4.95,1,1,1,0,4.95,0,4.95,0,Low Demand,📉 Low Performance
90122C,84.15,17,5,3,0,84.15,0,84.15,0,Low Demand,📉 Low Performance
90123A,83.3,14,8,8,0,83.3,0,83.3,0,Low Demand,📉 Low Performance
90123B,47.6,8,4,4,0,47.6,0,47.6,0,Low Demand,📉 Low Performance
90123C,77.35,13,5,5,0,77.35,0,77.35,0,Low Demand,📉 Low Performance
90123D,17.85,3,2,2,0,17.85,0,17.85,0,Low Demand,📉 Low Performance
90124A,59.7,6,4,4,0,59.7,0,59.7,0,Low Demand,📉 Low Performance
90124B,39.8,4,3,3,0,39.8,0,39.8,0,Low Demand,📉 Low Performance
90124C,69.65,7,4,4,0,69.65,0,69.65,0,Low Demand,📉 Low Performance
90125A,93.9,109,6,4,0,93.9,0,93.9,0,Low Demand,📉 Low Performance
90125B,24.9,19,3,3,0,24.9,0,24.9,0,Low Demand,📉 Low Performance
90125C,63.3,73,3,2,0,63.3,0,63.3,0,Low Demand,📉 Low Performance
90125D,65.4,74,5,3,0,65.4,0,65.4,0,Low Demand,📉 Low Performance
90125E,2.1,1,1,1,0,2.1,0,2.1,0,Low Demand,📉 Low Performance
90128B,1.25,1,1,1,0,1.25,0,1.25,0,Low Demand,📉 Low Performance
90129A,20.65,7,3,3,0,20.65,0,20.65,0,Low Demand,📉 Low Performance
90129B,61.95,21,6,6,0,61.95,0,61.95,0,Low Demand,📉 Low Performance
90129C,50.15,17,6,6,0,50.15,0,50.15,0,Low Demand,📉 Low Performance
90129D,23.6,8,2,2,0,23.6,0,23.6,0,Low Demand,📉 Low Performance
90129E,17.7,6,1,1,0,17.7,0,17.7,0,Low Demand,📉 Low Performance
90129F,47.2,16,5,5,0,47.2,0,47.2,0,Low Demand,📉 Low Performance
90130A,2.95,1,1,1,0,2.95,0,2.95,0,Low Demand,📉 Low Performance
90130B,26.55,9,3,3,0,26.55,0,26.55,0,Low Demand,📉 Low Performance
90131,27.8,4,1,1,0,27.8,0,27.8,0,Low Demand,📉 Low Performance
90133,44.55,9,3,3,0,44.55,0,44.55,0,Low Demand,📉 Low Performance
90135,29.7,6,1,1,0,29.7,0,29.7,0,Low Demand,📉 Low Performance
90136,29.85,3,2,2,0,29.85,0,29.85,0,Low Demand,📉 Low Performance
90138,19.8,4,1,1,0,19.8,0,19.8,0,Low Demand,📉 Low Performance
90141A,19.8,4,2,2,0,19.8,0,19.8,0,Low Demand,📉 Low Performance
90141B,29.7,6,2,2,0,29.7,0,29.7,0,Low Demand,📉 Low Performance
90141C,19.8,4,2,2,0,19.8,0,19.8,0,Low Demand,📉 Low Performance
90141D,14.85,3,1,1,0,14.85,0,14.85,0,Low Demand,📉 Low Performance
90141E,14.85,3,1,1,0,14.85,0,14.85,0,Low Demand,📉 Low Performance
90142D,44.55,9,3,3,0,44.55,0,44.55,0,Low Demand,📉 Low Performance
90143,127.5,17,8,7,2,142.5,-15,127.5,0,Low Demand,📉 Low Performance
90144,26.25,7,3,3,0,26.25,0,26.25,0,Low Demand,📉 Low Performance
90145,124.95,21,11,7,0,124.95,0,124.95,0,Low Demand,📉 Low Performance
90146,63.75,13,3,3,0,63.75,0,63.75,0,Low Demand,📉 Low Performance
90147,189.05,19,13,10,1,208.95,-19.9,189.05,0,Low Demand,📉 Low Performance
90148,76.5,6,6,5,2,102,-25.5,76.5,0,Low Demand,📉 Low Performance
90149,335.28,52,3,2,0,335.28,0,335.28,0,Low Demand,✅ Profitable Product
90151,68,8,4,2,0,68,0,68,0,Low Demand,📉 Low Performance
90152A,17.85,3,3,3,0,17.85,0,17.85,0,Low Demand,📉 Low Performance
90152B,5.95,1,1,1,0,5.95,0,5.95,0,Low Demand,📉 Low Performance
90152C,5.95,1,1,1,0,5.95,0,5.95,0,Low Demand,📉 Low Performance
90154,421.75,57,5,5,0,421.75,0,421.75,0,Low Demand,✅ Profitable Product
90155,45,6,4,4,0,45,0,45,0,Low Demand,📉 Low Performance
90156,14.85,3,2,2,0,14.85,0,14.85,0,Low Demand,📉 Low Performance
90157,34.65,7,2,2,0,34.65,0,34.65,0,Low Demand,📉 Low Performance
90158,69.3,14,6,6,0,69.3,0,69.3,0,Low Demand,📉 Low Performance
90159,14.85,3,2,2,0,14.85,0,14.85,0,Low Demand,📉 Low Performance
90160A,166.8,24,12,10,1,215.45,-48.65,166.8,0,Low Demand,📉 Low Performance
90160B,145.95,21,8,7,0,145.95,0,145.95,0,Low Demand,📉 Low Performance
90160C,284.95,41,16,14,0,284.95,0,284.95,0,Low Demand,✅ Profitable Product
90160D,222.4,32,9,9,0,222.4,0,222.4,0,Low Demand,✅ Profitable Product
90161A,44.55,9,6,6,0,44.55,0,44.55,0,Low Demand,📉 Low Performance
90161B,222.75,45,12,10,0,222.75,0,222.75,0,Low Demand,✅ Profitable Product
90161C,222.75,45,15,13,0,222.75,0,222.75,0,Low Demand,✅ Profitable Product
90161D,153.45,31,9,6,0,153.45,0,153.45,0,Low Demand,📉 Low Performance
90162A,17.7,6,1,1,0,17.7,0,17.7,0,Low Demand,📉 Low Performance
90162B,76.7,26,11,7,1,79.65,-2.95,76.7,0,Low Demand,📉 Low Performance
90162C,41.3,14,7,3,0,41.3,0,41.3,0,Low Demand,📉 Low Performance
90162D,29.5,10,5,3,0,29.5,0,29.5,0,Low Demand,📉 Low Performance
90163A,30,4,2,2,0,30,0,30,0,Low Demand,📉 Low Performance
90163B,15,2,1,1,0,15,0,15,0,Low Demand,📉 Low Performance
90164A,70.35,19,6,6,0,70.35,0,70.35,0,Low Demand,📉 Low Performance
90164B,65.7,28,7,7,0,65.7,0,65.7,0,Low Demand,📉 Low Performance
90165B,2.55,1,1,1,0,2.55,0,2.55,0,Low Demand,📉 Low Performance
90166,58.9,14,8,4,0,58.9,0,58.9,0,Low Demand,📉 Low Performance
90167,8.5,10,1,1,0,8.5,0,8.5,0,Low Demand,📉 Low Performance
90168,0,0,2,1,1,17.7,-17.7,0,0,Low Demand,📉 Low Performance
90169,0,0,2,1,1,15.3,-15.3,0,0,Low Demand,📉 Low Performance
90170,56.1,34,7,6,1,75.9,-19.8,56.1,0,Low Demand,📉 Low Performance
90173,60,16,3,3,0,60,0,60,0,Low Demand,📉 Low Performance
90174,10.2,4,6,4,2,40.8,-30.6,10.2,0,Low Demand,📉 Low Performance
90175A,80.55,9,8,6,0,80.55,0,80.55,0,Low Demand,📉 Low Performance
90175C,80.55,9,6,6,0,80.55,0,80.55,0,Low Demand,📉 Low Performance
90175D,26.85,3,2,2,0,26.85,0,26.85,0,Low Demand,📉 Low Performance
90176A,7.5,1,2,1,1,15,-7.5,7.5,0,Low Demand,📉 Low Performance
90176B,15,2,1,1,0,15,0,15,0,Low Demand,📉 Low Performance
90176C,15,2,1,1,0,15,0,15,0,Low Demand,📉 Low Performance
90176D,45,6,5,4,1,52.5,-7.5,45,0,Low Demand,📉 Low Performance
90176E,22.5,3,2,2,0,22.5,0,22.5,0,Low Demand,📉 Low Performance
90177A,0,0,2,1,1,17.7,-17.7,0,0,Low Demand,📉 Low Performance
90177B,20.65,7,2,2,0,20.65,0,20.65,0,Low Demand,📉 Low Performance
90177C,20.65,7,4,3,1,38.35,-17.7,20.65,0,Low Demand,📉 Low Performance
90177D,32.45,11,7,5,1,50.15,-17.7,32.45,0,Low Demand,📉 Low Performance
90177E,0,0,2,1,1,17.7,-17.7,0,0,Low Demand,📉 Low Performance
90178A,71.7,6,6,6,0,71.7,0,71.7,0,Low Demand,📉 Low Performance
90178B,11.95,1,1,1,0,11.95,0,11.95,0,Low Demand,📉 Low Performance
90179A,17.85,3,2,2,0,17.85,0,17.85,0,Low Demand,📉 Low Performance
90179C,5.95,1,1,1,0,5.95,0,5.95,0,Low Demand,📉 Low Performance
90180A,87.35,13,5,5,0,87.35,0,87.35,0,Low Demand,📉 Low Performance
90180B,29.85,3,3,3,0,29.85,0,29.85,0,Low Demand,📉 Low Performance
90181A,8.95,1,1,1,0,8.95,0,8.95,0,Low Demand,📉 Low Performance
90182C,0,0,2,1,1,17.7,-17.7,0,0,Low Demand,📉 Low Performance
90183A,41.3,14,6,5,1,59,-17.7,41.3,0,Low Demand,📉 Low Performance
90183C,2.95,1,1,1,0,2.95,0,2.95,0,Low Demand,📉 Low Performance
90184A,71.6,8,4,4,0,71.6,0,71.6,0,Low Demand,📉 Low Performance
90184B,187.95,21,11,11,0,187.95,0,187.95,0,Low Demand,📉 Low Performance
90184C,98.45,11,7,7,0,98.45,0,98.45,0,Low Demand,📉 Low Performance
90185A,68,16,6,5,1,93.5,-25.5,68,0,Low Demand,📉 Low Performance
90185B,17,4,5,3,2,55.25,-38.25,17,0,Low Demand,📉 Low Performance
90185C,21.25,5,8,6,3,89.25,-68,21.25,0,Low Demand,📉 Low Performance
90185D,136,32,8,7,0,136,0,136,0,Low Demand,📉 Low Performance
90186A,14.75,5,3,3,0,14.75,0,14.75,0,Low Demand,📉 Low Performance
90186B,35.4,12,6,6,0,35.4,0,35.4,0,Low Demand,📉 Low Performance
90187B,13.4,4,1,1,0,13.4,0,13.4,0,Low Demand,📉 Low Performance
90188,7.65,3,2,2,0,7.65,0,7.65,0,Low Demand,📉 Low Performance
90189A,15,2,2,2,0,15,0,15,0,Low Demand,📉 Low Performance
90190A,17.7,6,1,1,0,17.7,0,17.7,0,Low Demand,📉 Low Performance
90190B,17.7,6,1,1,0,17.7,0,17.7,0,Low Demand,📉 Low Performance
90190C,14.75,5,4,4,0,14.75,0,14.75,0,Low Demand,📉 Low Performance
90191,113.9,22,7,7,0,113.9,0,113.9,0,Low Demand,📉 Low Performance
90192,103.95,21,9,5,1,113.85,-9.9,103.95,0,Low Demand,📉 Low Performance
90194,51,12,6,6,0,51,0,51,0,Low Demand,📉 Low Performance
90195A,95.2,16,7,7,0,95.2,0,95.2,0,Low Demand,📉 Low Performance
90195B,20.85,3,3,3,0,20.85,0,20.85,0,Low Demand,📉 Low Performance
90196A,102,8,5,5,0,102,0,102,0,Low Demand,📉 Low Performance
90196B,51,4,4,4,0,51,0,51,0,Low Demand,📉 Low Performance
90197B,14.85,3,1,1,0,14.85,0,14.85,0,Low Demand,📉 Low Performance
90198A,144.5,34,10,8,0,144.5,0,144.5,0,Low Demand,📉 Low Performance
90198B,127.5,30,11,11,0,127.5,0,127.5,0,Low Demand,📉 Low Performance
90199A,50.8,8,3,3,0,50.8,0,50.8,0,Low Demand,📉 Low Performance
90199B,12.7,2,1,1,0,12.7,0,12.7,0,Low Demand,📉 Low Performance
90199C,95.25,15,8,7,2,107.95,-12.7,95.25,0,Low Demand,📉 Low Performance
90199D,12.7,2,2,2,0,12.7,0,12.7,0,Low Demand,📉 Low Performance
90200A,174.25,41,16,14,0,174.25,0,174.25,0,Low Demand,📉 Low Performance
90200B,280.5,66,25,18,1,284.75,-4.25,280.5,0,Low Demand,✅ Profitable Product
90200C,85,20,6,6,0,85,0,85,0,Low Demand,📉 Low Performance
90200D,408.75,99,24,21,0,408.75,0,408.75,0,Low Demand,✅ Profitable Product
90200E,311,76,18,15,0,311,0,311,0,Low Demand,✅ Profitable Product
90201A,126.85,43,12,11,1,138.65,-11.8,126.85,0,Low Demand,📉 Low Performance
90201B,168.15,57,12,9,2,188.8,-20.65,168.15,0,Low Demand,📉 Low Performance
90201C,135.7,46,13,12,1,153.4,-17.7,135.7,0,Low Demand,📉 Low Performance
90201D,135.7,46,9,9,0,135.7,0,135.7,0,Low Demand,📉 Low Performance
90202A,0,0,2,1,1,17.7,-17.7,0,0,Low Demand,📉 Low Performance
90202B,2.95,1,3,2,1,20.65,-17.7,2.95,0,Low Demand,📉 Low Performance
90202C,2.95,1,3,2,1,20.65,-17.7,2.95,0,Low Demand,📉 Low Performance
90202D,17.7,6,3,2,1,35.4,-17.7,17.7,0,Low Demand,📉 Low Performance
90204,43.55,13,9,8,1,56.95,-13.4,43.55,0,Low Demand,📉 Low Performance
90205A,26.4,16,6,6,0,26.4,0,26.4,0,Low Demand,📉 Low Performance
90205C,9.9,6,3,3,0,9.9,0,9.9,0,Low Demand,📉 Low Performance
90206A,29.7,6,3,2,0,29.7,0,29.7,0,Low Demand,📉 Low Performance
90206C,64.35,13,7,6,0,64.35,0,64.35,0,Low Demand,📉 Low Performance
90208,10.2,4,5,4,1,25.5,-15.3,10.2,0,Low Demand,📉 Low Performance
90209A,151.2,78,5,3,1,163.8,-12.6,151.2,0,Low Demand,📉 Low Performance
90209B,191.1,105,11,7,0,191.1,0,191.1,0,Low Demand,📉 Low Performance
90209C,407.4,228,13,8,1,413.7,-6.3,407.4,0,Low Demand,✅ Profitable Product
90210A,35.9,26,3,3,0,35.9,0,35.9,0,Low Demand,📉 Low Performance
90210B,58.6,40,6,6,0,58.6,0,58.6,0,Low Demand,📉 Low Performance
90210C,115.9,94,5,5,0,115.9,0,115.9,0,Low Demand,📉 Low Performance
90210D,125,104,5,4,0,125,0,125,0,Low Demand,📉 Low Performance
90211A,29.75,5,3,3,0,29.75,0,29.75,0,Low Demand,📉 Low Performance
90211B,11.9,2,3,2,1,23.8,-11.9,11.9,0,Low Demand,📉 Low Performance
90212B,11.25,3,1,1,0,11.25,0,11.25,0,Low Demand,📉 Low Performance
90212C,22.5,6,2,2,0,22.5,0,22.5,0,Low Demand,📉 Low Performance
90214A,55.71,63,14,5,0,55.71,0,55.71,0,Low Demand,📉 Low Performance
90214B,4.73,13,2,2,0,4.73,0,4.73,0,Low Demand,📉 Low Performance
90214C,40.04,52,9,7,0,40.04,0,40.04,0,Low Demand,📉 Low Performance
90214D,25.71,39,7,5,0,25.71,0,25.71,0,Low Demand,📉 Low Performance
90214E,27.25,41,8,6,0,27.25,0,27.25,0,Low Demand,📉 Low Performance
90214F,3.77,13,2,2,0,3.77,0,3.77,0,Low Demand,📉 Low Performance
90214G,18.5,34,7,5,0,18.5,0,18.5,0,Low Demand,📉 Low Performance
90214H,15.02,22,6,4,0,15.02,0,15.02,0,Low Demand,📉 Low Performance
90214I,18.77,25,3,3,0,18.77,0,18.77,0,Low Demand,📉 Low Performance
90214J,17.23,23,5,3,0,17.23,0,17.23,0,Low Demand,📉 Low Performance
90214K,34.75,47,12,6,0,34.75,0,34.75,0,Low Demand,📉 Low Performance
90214L,29.19,51,5,4,0,29.19,0,29.19,0,Low Demand,📉 Low Performance
90214M,22.23,27,5,3,0,22.23,0,22.23,0,Low Demand,📉 Low Performance
90214N,10.02,18,5,3,0,10.02,0,10.02,0,Low Demand,📉 Low Performance
90214O,3.48,12,1,1,0,3.48,0,3.48,0,Low Demand,📉 Low Performance
90214P,11,28,6,4,0,11,0,11,0,Low Demand,📉 Low Performance
90214R,6.27,15,4,3,0,6.27,0,6.27,0,Low Demand,📉 Low Performance
90214S,26,40,6,5,0,26,0,26,0,Low Demand,📉 Low Performance
90214T,3.48,12,1,1,0,3.48,0,3.48,0,Low Demand,📉 Low Performance
90214U,3.48,12,1,1,0,3.48,0,3.48,0,Low Demand,📉 Low Performance
90214V,5.98,14,3,2,0,5.98,0,5.98,0,Low Demand,📉 Low Performance
90214W,3.48,12,1,1,0,3.48,0,3.48,0,Low Demand,📉 Low Performance
90214Y,18.65,61,3,3,0,18.65,0,18.65,0,Low Demand,📉 Low Performance
90214Z,3.48,12,1,1,0,3.48,0,3.48,0,Low Demand,📉 Low Performance
BANK CHARGES,165.001,12,11,10,0,165.001,0,165.001,0,Low Demand,📉 Low Performance
C2,6636,133,134,29,1,6686,-50,6636,0,Low Demand,✅ Profitable Product
CRUK,-7933.43,-16,16,1,16,0,-7933.43,-7933.43,0,Low Demand,🚨 Loss Making Product
D,-5696.22,-1194,65,24,77,0,-5696.22,-5696.22,2,Hidden Loss,🚨 Loss Making Product
DOT,11906.36,16,16,1,0,11906.36,0,11906.36,0,Low Demand,✅ Profitable Product
M,-58385.46,3178,407,272,175,53779.93,-112165.39,-58385.46,2,Hidden Loss,🚨 Loss Making Product
PADS,0.003,3,3,3,0,0.003,0,0.003,0,Low Demand,📉 Low Performance
POST,66710.24,3002,1194,379,97,77803.96,-11093.72,66710.24,3,Critical Loss,✅ Profitable Product
